ofi_500ms,ofi_2000ms,vpin,cancel_to_fill,depth_imbalance,micro_price_elasticity,book_slope_delta,bid_ask_spread,target_crash_event
1.4901425,-0.4147929,0.25181508,1.809212,0.026584662,5.3172607e-05,0.0041584256,0.00057674345,0
-1.4084232,1.6276802,0.16292658,1.0137081,0.07419623,-0.00028265605,-0.0024498357,0.00044377125,0
-3.0384934,0.942742,0.12735808,0.6350785,0.19656488,5.484474e-05,0.0011350564,0.0003575252,0
-1.6331482,0.33276775,0.10792051,1.3502792,-0.010063869,4.166125e-05,-0.00020341322,0.0006852278,0
-0.040491674,-3.173133,0.2658036,0.71166253,0.07088636,-0.00029193403,-0.0016563721,0.00051968615,0
2.2153997,0.51410484,0.19074814,1.0795585,-0.0978522,-4.396884e-05,7.8722456e-05,0.00060571224,0
1.0308548,-5.2891207,0.22592671,1.0459671,-0.0176922,0.00022233526,0.003061999,0.00059312803,0
-2.5176525,-0.9276371,0.22650108,1.5902181,0.0020825763,6.28682e-05,-0.00121267,0.00038037935,0
2.4375775,4.06872,0.19423918,1.6014131,0.0861636,-2.9023951e-05,0.0017227912,0.00065380364,0
-0.10747812,4.693931,-0.009579608,1.528761,0.058704708,4.019853e-05,0.0011835216,0.0003012431,0
-0.65901566,1.0713377,0.31823152,0.99269193,-0.03084936,-3.5140872e-07,0.0028308043,0.0005328751,0
-1.5892806,1.5398023,0.2077662,1.587458,-0.02020531,3.4467572e-05,0.0002157837,0.0003536485,0
0.88836086,0.7831658,0.20040907,1.1061652,-0.09153707,1.5870935e-05,0.00031457096,0.00041977226,0
-0.48385713,1.2121526,0.35089487,1.2698312,0.07575504,8.511082e-05,-0.0028375424,0.0004973486,0
0.18069063,7.389726,0.18461113,1.320619,0.046528824,-0.00013373561,0.0032856457,0.0005751933,0
2.3730958,-2.7281623,0.31222355,0.6392596,0.10868571,0.0005380911,-0.0009810727,0.00044337023,0
0.2989541,-1.510427,0.07594693,1.2274252,-0.05623037,0.00019471848,-0.0008388485,0.00065499346,0
-2.3497598,-0.96618456,0.26508138,0.7076543,0.072745994,0.00036142854,-0.0022149666,0.0005184634,0
0.77964836,2.3454685,0.10104394,0.67181736,0.10219416,0.00015939694,0.0015009857,0.0005346448,0
-2.040074,0.6967611,0.2234458,0.91425943,0.23657745,0.00019476659,-0.001382607,0.00056565535,0
-2.924045,2.3612537,0.29268765,0.87172705,0.14633761,0.00018255619,0.0026441202,0.0006896793,0
-0.73616433,-2.2612085,0.12883885,0.8736759,0.04228983,0.0001682304,0.0015533816,0.00058271835,0
0.039005674,4.3606024,0.17882745,2.2880676,0.11256673,-7.143151e-05,-0.001141785,0.00054824725,0
-0.67038834,2.1420014,0.23785901,1.1708684,-0.034679372,-0.00020296944,0.000106970096,0.0005856399,0
0.64228123,-3.7372162,0.21385448,1.3541269,-0.038385745,0.00013074501,0.0011164175,0.00038570297,0
1.0733621,1.6823536,0.2866441,1.6215209,-0.08776694,-8.756501e-05,0.0020300706,0.0005513786,0
1.545143,11.558194,0.24567124,1.6542263,0.14540018,0.00023027825,0.00036946152,0.00057589693,0
-2.3184757,-0.71045583,0.16117091,1.2327497,0.28146586,-0.00027345304,0.0023725203,0.00033872842,0
-1.4157956,3.266852,0.20514241,0.76890206,-0.021530371,0.00023591955,-0.00046073325,0.0005216459,0
0.13671552,-1.9548011,0.3715155,1.4535676,-0.15251426,0.00013729086,-0.00032357292,0.00058524334,0
-2.3775623,-0.3442093,0.24039899,1.5463021,-0.07002964,3.3099754e-05,5.010938e-05,0.00043466708,0
5.296363,1.2149451,0.09912928,1.5671448,0.2622156,0.00030649305,-0.0020387399,0.0004515766,0
3.8007336,-2.1230085,0.23550555,1.5098536,-0.04269305,8.809493e-05,-0.005482535,0.00039756123,0
-0.75770444,-3.7433496,0.3305929,0.62794346,0.005995551,0.00012614811,0.0038825467,0.00035641377,0
3.4894912,0.030699182,0.12147931,1.3848414,0.06990597,-2.0043375e-05,0.0011396041,0.00046146865,0
0.34055203,1.986392,0.32688135,0.7048738,0.26330334,-0.00029041755,0.0006964298,0.0005588317,0
0.8429756,-1.8680986,0.18335022,1.0027996,-0.008936476,0.00026992042,0.001714031,0.00043070904,0
2.6987996,0.92189854,0.26502898,1.4518515,-0.032899503,-1.2036208e-05,0.002494587,0.00056103704,0
-0.06270478,0.35198215,0.3022132,0.96337146,0.10470974,5.956147e-05,0.0005646376,0.0006098777,0
2.476249,2.4405289,0.3044383,1.2084016,0.118195295,3.7946647e-05,0.0016483327,0.0004869857,0
0.2909879,1.7854711,0.13454235,2.0369549,-0.05060174,-0.00014283773,0.0033162218,0.0005791663,0
1.8723594,1.8850365,0.19902025,0.84109825,0.057580456,-3.5432342e-05,0.0029502395,0.00048529427,0
-2.4764917,-0.9641575,0.23303452,0.9745102,-0.03222204,0.00014873744,0.0014899331,0.0004493057,0
-1.4131149,0.6961498,0.08415325,0.6370145,-0.021844422,5.7310568e-05,0.0016218151,0.0006475356,0
2.572979,-0.4798156,0.1984787,0.7989883,0.048148688,4.226827e-05,0.0016454371,0.0004172769,0
1.5580395,4.5982165,0.19129919,1.3606846,0.1190144,1.9755906e-05,0.001448185,0.00050125923,0
0.2930283,-2.3190293,0.20196082,1.3991994,0.19511436,0.00029185417,0.005306365,0.00042326524,0
2.616962,0.550026,0.37518424,0.8766807,-0.033972185,-1.987853e-05,-0.0032477914,0.0004474245,0
-2.2773979,0.45118135,0.22734047,1.9504683,0.14504239,-1.538073e-05,-0.00079682935,0.0005491919,0
-3.9606996,5.494376,0.2943552,1.0123297,-0.12131345,0.00037077448,0.0007709203,0.00062378164,0
-4.7832828,-1.798125,0.2004195,1.2187922,0.0049934527,0.00022456999,-0.0011352409,0.00048576205,0
0.3608869,1.5433165,0.2569292,0.7501432,-0.103411414,0.00035553536,0.001664628,0.00042515135,0
4.6534557,0.3470239,0.29434377,1.2270074,0.2560748,0.00045106816,0.0005020717,0.0005971571,0
1.9361279,4.1058946,0.122806124,1.4744205,0.15584245,-0.0002517479,-0.001366517,0.0002960768,0
-0.8082205,2.1526268,0.32018855,1.2296379,0.21286155,-0.00017602029,-0.0024067648,0.0004944452,0
1.1521963,-0.09808424,0.03460463,1.1643519,-0.08044695,0.00023393451,0.0017331966,0.00040601203,0
-1.5416007,-3.1776407,0.19498567,1.5820569,-0.048572604,0.0002008093,-6.0515238e-05,0.00042071272,0
-0.3210911,-3.105727,0.15570806,0.72084886,0.24647251,0.00010705271,-0.000399451,0.000521398,0
-0.33698416,-0.6629088,0.24913333,1.5030031,-0.0030501147,-1.5163648e-05,0.00044989662,0.00026980788,0
-4.545573,4.1006227,0.33159742,1.1003855,0.1076557,0.00016225003,0.0071577616,0.0006119575,0
-0.38375276,-2.8666213,0.0714843,1.2813854,-0.025635075,-0.00018445074,-0.00029314577,0.0003918452,0
5.0614247,2.6449192,0.19936219,1.7919776,0.05773683,-7.2256844e-05,0.0040462483,0.000553891,0
-3.1117384,-0.571016,0.12995054,0.6468801,0.14261776,0.00048188333,-0.0017971351,0.0005562969,0
-1.9519277,-1.4613762,0.15260848,0.8544037,0.05485216,-6.619003e-05,0.0015409136,0.0004949762,0
-0.71684414,-2.722691,0.15385829,1.5021565,0.10009172,-9.551105e-05,0.0011986647,0.0005751387,0
-5.008216,1.6300806,0.1469901,1.4282395,-0.026325915,-0.00026097643,-0.002255085,0.0005048085,0
0.77916753,-2.71295,0.2510874,0.535392,0.04339202,-0.00014220324,-0.00030367222,0.0005047399,0
-2.5812402,-1.1536666,0.28050342,0.9692432,0.13356921,-0.00012594137,0.0020596085,0.0006441569,0
-7.4149337,-2.3906858,0.24616577,1.1187818,0.08711459,-2.0797037e-05,0.0011731796,0.00048443227,0
3.5033462,0.7632625,0.22700821,1.0352492,0.0012393775,1.3488362e-05,0.0017889043,0.00045790157,0
0.86932456,6.2262025,0.26968998,1.0695906,0.17012139,1.8384926e-05,-0.003076249,0.00039919137,0
-5.6123757,-1.0545404,0.20147347,1.870575,0.082692735,5.6179895e-05,0.0026588112,0.00027888647,0
0.7068437,2.3125956,0.0817131,1.6575016,0.08384964,1.6942417e-05,0.0022655637,0.0007270693,0
0.54559875,0.74466175,0.16325113,0.86006224,0.13303359,-7.121677e-05,0.0011431325,0.00045223426,0
1.4369395,1.0009863,0.28300318,0.99599344,0.023012506,-9.5752745e-05,0.00011141348,0.00053773005,0
2.2709658,-2.766496,0.26956847,1.7422551,0.09134349,0.00047535915,-0.0005475784,0.00037553452,0
-5.3361607,4.488133,0.25234926,1.1777661,0.077996865,-0.00012509781,0.0058915038,0.0005129221,0
0.3281844,2.1773,0.23848073,1.2895536,-0.029047446,0.00019429367,0.004764049,0.000634542,0
4.77956,-1.5336471,0.120831616,1.1496853,0.05557249,0.0003188383,-0.0023849292,0.00065295503,0
-0.4740237,-1.2806432,0.11903165,0.5380573,0.13231705,0.00011466359,-0.0015799218,0.0003704921,0
-1.0073541,5.0070643,0.17923269,0.59874284,0.025425693,4.5455286e-05,-0.004393773,0.00049457053,0
-0.69280356,2.088619,0.34791648,1.6506261,0.023111131,-0.00012130518,0.0061467197,0.00050592184,0
0.041787874,-0.07237526,0.21584678,1.1422558,-0.007366201,-9.371788e-06,0.00093449344,0.00044565753,0
-2.1385374,0.3192907,0.17960182,1.8015972,-0.21509698,0.00031830138,0.0034921705,0.000292661,0
-1.0280628,-1.1143225,0.087399065,0.88887334,-0.061057586,0.0004504541,0.0028713567,0.00062715553,0
2.1650162,-3.3871553,0.15803838,1.3957498,-0.07221278,0.00024259968,0.0005193492,0.00046251793,0
2.13288,1.3327899,0.1711227,1.6637319,-0.058106333,0.00022318712,0.0021862024,0.00046904536,0
0.97839904,-3.7533407,0.27392218,1.1260391,-0.002272302,0.00030980184,-0.00040868737,0.00035915387,0
-4.6698875,1.8180299,0.09756565,1.9019177,-0.15819295,0.00043929127,0.0014220349,0.0004903287,0
-1.6347573,1.1974083,0.19698922,1.6413207,0.061422765,0.00013006035,0.00027277556,0.00049430545,0
0.9234053,-5.130505,0.09214517,1.4973056,0.06708654,6.320333e-05,0.0010368678,0.00053475815,0
-1.619279,-2.3349142,0.21566762,0.8086509,0.090825275,-0.00024051672,0.0030583113,0.00054725975,0
0.7680892,2.948073,0.33323795,1.605748,-0.13408743,-0.00015591539,-0.00024963715,0.0005026091,0
1.5529771,-2.1772316,0.21494134,0.8978468,-0.01115178,-0.00018133222,-0.0008464665,0.00036483153,0
-2.9276197,3.1609254,0.12404809,2.2529528,0.09933179,0.00013696722,-0.0007167156,0.000570031,0
-1.7269135,0.36602944,0.40480676,1.161576,0.16492733,-4.0635285e-05,0.00093002303,0.00067708007,0
-1.8809012,5.4373455,0.25662017,0.9750133,0.11324077,0.0002945109,0.0022436199,0.00034297752,0
-2.1814115,-0.7425559,0.19404532,1.4482689,0.0677701,-0.00016706887,0.0017603957,0.0005610586,0
1.6793714,3.2423422,0.26671377,1.383672,0.042983428,-0.0002321922,0.0018592364,0.00052076875,0
0.8147365,-3.8302457,0.113515474,1.6212611,0.046044484,0.00023630014,0.0010566368,0.0005029756,0
2.8148515,-1.5481342,0.20768966,1.0150899,0.0065503772,3.8165574e-05,0.0014442676,0.00045212512,0
3.7672684,-2.683822,0.18505026,1.0241076,0.19469778,0.00013931096,0.003063689,0.00035144397,0
0.8011508,2.6688924,0.20658273,1.6261921,-0.0017288451,0.0003818695,0.0055977963,0.00046371613,0
-1.3365076,4.360153,0.32636577,0.990856,0.007981318,4.364308e-05,-0.001688901,0.0004081348,0
-3.0124223,-2.3033926,0.19722521,1.2936859,0.20505005,-9.967081e-05,0.0029686447,0.0004786011,0
-0.14839113,2.0244584,0.11018224,1.3529639,0.06664522,0.00019849025,0.0015783373,0.00074553,0
-1.9132199,-1.5929909,0.15014876,0.97780913,-0.013738712,0.0003378033,0.0038410085,0.00044292537,0
-2.4970667,1.4142467,0.15582216,1.4531727,0.0702923,-0.00020314883,0.0040950105,0.00067958777,0
-1.838366,-1.1631047,0.22286923,1.3337827,0.11585443,0.0005020409,0.00064610556,0.00042017028,0
-4.1379576,-2.19279,0.19734985,1.9178232,-0.0017611299,0.00014475759,0.0009671542,0.00061883935,0
7.580797,-1.5926063,0.16084485,1.6176643,0.11818915,0.00046934147,0.0021678563,0.0004640708,0
1.7719646,3.3261108,0.26563856,1.4029096,0.15666747,0.00033385912,0.003764318,0.000564871,0
-0.5013542,0.44014105,0.2965207,0.87322575,0.08686733,2.1332238e-05,0.0010574897,0.0006278452,0
0.5732972,0.13930964,0.091211505,1.4985014,0.114548415,0.00053265097,0.00038444353,0.00052191503,0
0.74815106,4.73236,0.19237636,1.3116086,0.11078965,0.00013732183,0.00010713277,0.000519409,0
3.2208953,-3.079546,0.21063757,0.9199517,0.16950466,-0.00020463738,-0.000117843694,0.0005377212,0
4.6965723,-0.19725078,0.15558404,1.9524628,-0.09480139,-0.0003397612,0.0018800289,0.00044979458,0
-3.0636985,2.1250694,0.21950406,0.9743686,-0.07803044,0.00027449147,0.0023004024,0.0004900824,0
5.539911,-3.2102542,0.07795799,0.9232368,0.045441397,0.0001486679,0.00051752786,0.00053520553,0
-3.7546182,4.3312936,0.1934279,1.6469183,0.08427253,0.00019135064,0.0021395346,0.00054477085,0
1.9281683,3.9874575,0.2157217,1.4836015,0.041026432,0.00038802344,-0.0003527846,0.00068009406,0
-0.120473854,-4.2923255,0.21024835,0.92757934,0.13406436,-3.0524796e-05,0.00010763313,0.00031104594,0
-1.3569189,-7.271638,0.07328778,1.5041659,0.12858002,0.00018509151,-0.0009339523,0.00049522886,0
-0.010807618,-3.475094,0.32027185,1.5509449,0.027903583,0.00010537717,0.0014167656,0.00029582652,0
-0.74153215,-2.0459528,0.1198704,1.0875599,0.22976865,0.00022816857,-0.00014235798,0.00055725826,0
4.198066,2.773901,0.20477043,0.9412253,0.11982233,0.00017869708,0.0027903866,0.00056351715,0
3.148658,-1.6057056,0.30539152,1.2790399,0.2575261,-3.7837563e-05,0.0044719274,0.0005197911,0
-1.954254,-1.4516575,0.17437221,1.3696663,0.10228355,-1.4740001e-05,0.00095129083,0.00071422703,0
5.1826296,1.308971,0.20304027,1.2480125,0.111351795,-0.000104558516,0.0004852469,0.0003331416,0
1.1976694,1.9415878,0.16134508,1.8295947,-0.07257657,-0.00019287497,0.0014489036,0.00060470984,0
5.051783,-1.3766528,0.28629446,1.1845967,0.03273727,0.000276732,0.0023046457,0.00034236078,0
4.429621,4.140274,0.14995499,1.3583214,0.099403016,0.00015213476,-0.000100610305,0.00043283767,0
-0.07666221,3.518187,0.24348801,1.0517542,0.12716988,-0.00046970852,0.0032975315,0.00032602862,0
-1.0873228,-3.3590097,0.09642548,1.6643307,0.0032298798,0.00016930078,0.0009061588,0.00054770405,0
0.23046568,-3.8489766,0.27970135,1.0024973,-0.10565819,1.4376968e-05,0.0040015196,0.00058502215,0
-1.0459564,-1.0477731,0.1742692,2.0306993,0.08819354,0.00018600833,0.003060567,0.0005238789,0
-0.77712643,-0.5890495,0.19427189,1.185111,0.122762956,0.00011038918,0.0024652802,0.00049192837,0
0.23590557,-5.994602,0.27330622,1.3385954,0.14980102,-0.0004792511,0.0051767495,0.00048604104,0
3.3245485,-3.1197178,0.24902192,0.7786338,-0.012376896,0.00048280627,0.0006186352,0.00052174326,0
2.6102033,1.4870456,0.21203351,1.3459845,0.29034156,8.847624e-05,0.0014021981,0.00060506543,0
3.316578,3.561091,0.25109842,0.74279803,0.21334316,-0.00012926907,0.0016052709,0.0004245724,0
-0.19241504,0.98628724,0.22570857,1.3687683,0.21137112,0.00019070687,0.0005116867,0.00059640873,0
3.5684114,-3.6828234,0.247792,1.4804691,0.02024365,0.00037514136,0.0006998888,0.0005125576,0
-0.51921546,0.046737142,0.11229799,0.6239796,0.20945051,-6.939227e-05,-0.0009827847,0.000284661,0
-1.9168853,-3.9692693,0.3313612,1.6039268,-0.018815035,0.00055048714,0.002963531,0.00046751686,0
-7.498217,6.8728275,0.088834204,0.5418405,0.15225704,0.00058795046,0.0037685456,0.0005563909,0
1.784263,2.5602467,0.2607143,1.3124765,0.06042011,8.748138e-05,-0.0005079292,0.0004719325,0
-5.0788703,-0.29501888,0.12091271,0.7585643,0.06798942,0.00037840047,0.0028366332,0.00034294993,0
-2.9688845,2.8223135,0.12140101,1.1101468,0.10500521,-9.366889e-05,0.001210751,0.00036659744,0
-1.8041029,0.9593458,0.072560504,1.37619,0.04803622,0.000210498,0.0014478283,0.00063641404,0
0.3756735,-1.2882166,0.2097838,1.4173192,0.054886006,0.000108118336,-0.00040398337,0.0004337099,0
-4.2078156,5.24873,0.10049094,0.9228379,-0.021840727,0.00027898487,0.00041010065,0.0006247742,0
-2.0204718,0.8369825,0.13317223,2.0580597,-0.06875984,0.00016196414,0.0022675537,0.0005413799,0
-0.55586296,-0.3894621,0.20350492,1.1411992,0.1463879,0.0005421046,-0.00011498357,0.0003630197,0
-0.26484615,7.739128,0.13570604,1.8556467,0.21777008,-1.0717648e-05,0.0021379662,0.0006628397,0
-1.1373832,-0.6107411,0.15346552,0.7940973,-0.014927754,-0.00014478805,0.0010681669,0.00042300267,0
0.7013577,-4.667687,0.22647043,1.5334116,-0.14937356,0.00017481131,0.003455338,0.0003790359,0
5.0177174,1.2570571,0.14359905,1.1776924,0.10583269,0.00011520108,0.002077512,0.00040793265,0
0.50808245,-4.2411437,0.19110191,0.83843696,-0.023552995,0.00034721862,0.0031826203,0.0005609138,0
-3.2769382,-0.94922537,0.29704782,1.2566868,0.28193295,0.00017866357,0.0013840982,0.00046908835,0
0.40062273,-0.4574095,0.2566487,1.582681,-0.028598946,-0.0001662466,-0.0026724108,0.00055079913,0
-3.3100998,-6.4586716,0.23108628,2.1971998,0.04939291,0.00026769817,0.0011636587,0.000490111,0
2.7572296,-0.8708236,0.22139138,1.3286791,-0.016809046,0.00029840847,0.0006500805,0.0004244255,0
1.6095295,-2.695404,0.20225449,1.1963524,0.15858956,0.00019493965,0.00094994606,0.0005817766,0
4.170623,1.6734309,0.20082821,0.6752655,-0.056511365,3.895506e-05,-0.0002190244,0.00048130288,0
0.16994977,1.5890783,0.19436009,1.3946006,0.056447443,-0.0002950933,-0.0008786708,0.00048559124,0
-3.629084,1.7997862,0.32246006,1.6875048,0.028655713,0.00039814523,0.0012973349,0.0004662914,0
-1.8402079,-0.9074091,0.16894585,1.2681665,0.0660574,0.000100609206,0.0018738763,0.0006190646,0
2.8486624,-4.454694,-0.0043136906,1.573728,-0.08668787,5.504692e-05,-0.001340226,0.00031980197,0
1.6243882,2.2774656,0.15387917,0.16358308,-0.004624445,0.0001783608,-0.001957823,0.000518336,0
-0.045929547,1.7378745,0.20956643,0.8107724,0.16965716,6.829409e-05,0.0009453909,0.0004066732,0
-1.3298467,-2.6544082,0.18616432,1.8846834,-0.087190114,-0.00022271227,0.0039423406,0.00047906765,0
-2.0072181,3.119714,0.15155075,1.9304038,0.117792584,2.4177184e-06,0.0053146165,0.00043942852,0
2.2262862,0.89787775,0.30413932,1.8246045,0.053200416,-5.0683575e-05,0.0019199443,0.00043222847,0
6.0401616,0.40960598,0.17077428,1.2738721,-0.08471263,-9.432281e-05,0.0034008278,0.00043431058,0
-3.140733,1.6099583,0.29485634,1.4875814,0.14960477,-5.1359017e-05,-0.0018436214,0.00065013336,0
-0.9680395,-0.75249904,0.30625552,1.422492,0.09558877,0.00053300045,-0.00028703647,0.000592784,0
0.17103937,0.80577683,0.3222775,1.4031343,0.10382961,0.00031450146,0.00027009455,0.00041607904,0
-3.1344275,-5.89907,0.36449656,0.75871664,0.027874637,4.463734e-05,0.0016148133,0.0005815737,0
2.5814204,-1.7492323,0.18663026,1.313032,0.025130887,0.00042146913,0.00198195,0.0005734878,0
1.9886438,3.5204215,0.21448173,0.6812672,0.08996879,-3.0271378e-05,-5.7233363e-05,0.0005586364,0
3.7148492,0.06381473,0.22470663,1.880886,0.07407532,0.0006203366,0.0021310193,0.0003239237,0
2.2600248,1.1434752,0.30318022,1.4692725,0.0361544,-0.00014485964,0.0005819535,0.00041494795,0
-1.7415704,1.7657353,0.33359236,1.3578687,-0.0695883,0.00018892053,0.0033932629,0.0004390217,0
-0.4020515,0.044064585,0.13720813,1.4593122,0.037905186,0.0001839065,-0.00077498436,0.00045625417,0
2.167144,-1.1184994,0.33815712,1.0401455,0.072468475,0.00028651816,-0.0018367314,0.0003239191,0
-4.576969,3.7877524,0.15585135,2.2232797,-0.00642476,0.00013691025,0.0040842197,0.0007006093,0
6.1845107,3.6250987,0.281925,1.4370108,0.12783611,-1.0237143e-05,-0.00063639774,0.00049966254,0
-0.5105539,-1.3596841,0.255711,1.5821221,0.05884069,0.000395506,-0.0012833782,0.00048063404,0
-2.150467,-5.59961,0.19338554,1.151301,0.20134497,0.00022616233,-0.0010483736,0.00068540924,0
3.6631012,1.7462931,0.18188128,0.8162243,0.012779322,0.0003177497,0.0047691725,0.00065432437,0
-1.4665483,-3.3588524,0.2112709,0.49262425,0.08231677,7.047948e-05,6.7926994e-05,0.0003405297,0
1.5408003,-1.5981026,0.10640665,0.051095113,0.04724851,0.00045445032,0.0043225186,0.00045429036,0
-1.8066362,1.4063227,0.12012917,1.3207167,0.12660803,0.00034538665,0.0007996918,0.00047963264,0
-2.6339478,-2.4806411,0.1818817,1.3469462,0.14135846,-6.063579e-05,0.003985377,0.00047288765,0
-0.06410188,-2.241635,0.006060779,1.5536182,0.12368439,4.373449e-05,0.0011339814,0.0005515939,0
-4.687638,-1.5871581,0.26354116,0.6982842,0.07935579,-0.00017131637,0.00193286,0.00049643585,0
-4.8453956,3.494218,0.14123267,0.875899,0.07005692,0.00032972748,-0.0010316436,0.000506168,0
1.2864496,2.0793169,0.21411532,1.0531889,-0.032759022,0.000117228774,-0.001144278,0.00020786496,0
1.3096794,2.7118046,0.010965405,0.7961077,0.111915424,0.0005114991,0.0010415874,0.0004271997,0
-0.5486893,4.124629,0.14832287,0.8803232,0.0017256478,-9.066572e-05,0.0012453407,0.00066246785,0
0.9692378,-0.7570605,0.1766551,0.57472366,0.13831098,8.443256e-05,0.0006390402,0.0008193108,0
0.8962587,-2.2553732,0.1658914,1.6593783,0.06132704,-0.00018765559,0.002838458,0.0004331856,0
5.6198936,3.2401443,0.16421425,1.7124065,0.05678555,0.00027055474,0.0019694655,0.00041536434,0
-1.9306495,3.0898824,0.17321797,1.0385406,-0.04551226,0.00018471981,0.00512505,0.0003932467,0
0.07265837,4.2366614,0.19362868,1.3809487,-0.05623935,0.00018566143,0.00062571146,0.000598573,0
3.562158,7.768691,0.24637066,1.3303186,0.06943843,2.9366742e-05,0.0016769677,0.00047045987,0
0.50538296,3.9527926,0.119476594,1.6559514,0.18171151,7.638629e-05,-0.00324371,0.0004392178,0
3.8909836,-0.068604186,0.120055825,0.99809,0.134062,0.00020934672,0.0005221358,0.00046331756,0
-1.1752745,-2.7672305,0.32923004,1.0710719,0.17171586,0.0004042632,0.002996622,0.00045683797,0
1.2111902,-0.07258682,0.12770385,1.3297437,-0.06790398,0.00033753586,7.07654e-05,0.00052011595,0
0.8498636,-0.7767149,0.2469355,1.0100385,0.13712972,-0.00016919593,0.0012527591,0.0006938929,0
-3.000994,-2.0332348,0.24111263,1.2718327,0.08506301,0.00019783742,0.002269443,0.00061096996,0
1.229456,-0.72377294,0.2538059,1.9599528,0.036736626,-9.490586e-05,0.0032141614,0.0004879619,0
-6.5180087,2.542265,0.15717374,1.1637866,0.08319803,0.00013809993,0.0024189036,0.00045645135,0
1.5393174,-0.77864003,0.25910485,1.446147,-0.04354387,0.00031719642,-7.1926894e-05,0.00058080576,0
1.101862,5.514551,0.18212272,1.0602733,0.04805804,3.9364044e-05,0.0025998838,0.00033836893,0
-3.1610472,-3.2034087,0.2760246,1.8842454,0.039555077,6.6235654e-05,0.0011401044,0.0006161878,0
-2.7820594,0.71510696,0.27801582,1.4004377,0.06895816,0.0003002092,-0.0044064648,0.00056778756,0
-1.9622271,-5.4918985,0.24089621,1.7494634,0.036255147,0.0002905749,0.0042245565,0.0006314914,0
4.9198937,2.2263825,0.20603469,0.5592137,0.02539375,-6.864932e-05,0.0053418856,0.00048241141,0
0.36961442,1.6544561,0.2034882,1.8780204,-0.012264936,0.00013892149,-0.00048494118,0.00036799774,0
-1.8353072,-0.11111039,0.16565582,0.9230316,-0.090631746,8.337889e-05,-0.0020094407,0.0005760056,0
0.24731927,-4.3726544,0.17526327,0.89913744,0.08191745,0.00036809008,-0.002750345,0.0005115026,0
-0.4803984,2.0140202,0.21705572,0.89921224,0.018094607,-5.9205173e-05,0.0031520142,0.0005021312,0
5.7035723,-0.18198244,0.14332746,0.59451425,-0.13031396,-0.00021682719,0.0015342534,0.00055087253,0
-4.743572,2.6851149,0.16135512,1.2587172,0.21122207,0.00027936787,0.0004629387,0.00041088078,0
-6.4554462,-2.15746,0.18310958,0.8051282,0.0368743,0.00011537038,0.000550288,0.00043499973,0
0.50596404,1.325822,0.11276808,1.764373,0.040141188,0.000103769926,0.0024164289,0.0005233216,0
2.8594098,0.8613725,0.15100501,1.3446014,-0.06437262,0.00012171194,0.00093354,0.0004791883,0
-0.38561255,-5.645547,0.156102,1.2371379,0.06598564,-0.00010553503,0.0035314157,0.0004133825,0
2.9083717,1.2815831,0.14830181,1.9101243,-0.06936368,0.00028383083,0.0030011646,0.000432938,0
4.177396,-0.75013953,0.22309549,1.3041288,0.036569126,0.00026216166,0.0025869776,0.0003251468,0
3.9130206,-4.987476,0.2826037,1.6506821,-0.05909664,1.7837143e-05,-0.0012114093,0.0004785079,0
-0.92410284,2.3389816,0.3048247,1.7582735,-0.0062168026,5.8155627e-05,-0.0023668765,0.000419413,0
2.8945549,4.8467484,0.101252094,0.9630143,0.047359426,0.00015603223,-0.00061920704,0.0005424061,0
-1.4215181,-0.043356813,0.24370274,1.2025689,0.006361411,7.807804e-05,0.0008232741,0.0004629989,0
-0.77638817,4.7959414,0.24487355,1.0818079,0.11969544,3.32361e-05,0.0033462492,0.0005369642,0
-0.32190642,1.3431507,0.074329905,0.749293,-0.0693925,0.00012858862,0.00446503,0.00072313,0
1.9141533,1.5025334,0.05591538,0.9829305,-0.028778376,-2.416952e-05,0.0006637124,0.00045279093,0
-5.9378996,2.2437308,0.11418056,1.2956988,0.25740826,-8.387692e-05,-0.0040605753,0.00047139957,0
3.3028789,5.8750424,0.10163603,1.3986797,0.0034689542,7.881033e-05,0.006288687,0.00034970295,0
0.76121897,1.4030795,0.2868629,1.2391933,0.080805056,2.1670287e-05,0.0015382539,0.0004656808,0
1.8647157,-1.108831,0.23016803,1.1882949,0.16260503,8.972125e-05,-0.002546065,0.00062619214,0
-2.717197,-1.9612991,0.1523471,1.7497753,-0.16356742,0.0007275497,0.0031121136,0.0005223239,0
-0.164682,0.8566622,0.2416898,1.4580863,0.105560444,0.00011791613,0.0006053232,0.00048487267,0
-0.58472484,3.4013102,0.24748453,0.023844546,0.11559008,0.00013894725,0.0009625825,0.00046114816,0
3.372338,2.8425794,0.13816978,1.3628209,-0.047165673,-0.00017592363,-0.00025343444,0.00058623933,0
2.8593752,1.5392562,0.25800768,1.4064714,-0.01414816,0.00018638451,0.002600819,0.0005754291,0
3.56674,2.1249115,0.22811586,1.6280601,0.047347873,-7.637493e-05,0.0006738661,0.00042550973,0
-2.0255349,-0.43355602,0.13660641,1.0768154,-0.13936147,0.00014265874,0.001002411,0.00041829114,0
1.977737,2.8127105,0.07139521,0.8949101,-0.026914235,-8.798062e-05,0.0026589497,0.0004806174,0
-0.79354453,-6.011587,0.25083345,0.70429665,0.055993263,0.00015547538,0.0037213173,0.00036911797,0
-9.058537,0.55154866,0.3440409,1.6955786,0.07096594,1.6727629e-06,0.0026142453,0.00040264538,0
1.4290733,1.5164105,0.2848168,2.303864,0.089241594,-1.7927251e-06,0.0009488514,0.00032309242,0
-2.0841393,-1.2278473,0.15807293,1.260942,-0.032241993,0.00032420614,0.0010004141,0.00049907,0
-0.9836841,0.46557206,0.26600787,0.8531479,-0.015811648,3.9254795e-05,-0.0016917419,0.00041807423,0
-1.4286627,2.6231675,0.2210049,1.277436,0.1350898,7.252564e-05,0.0017809297,0.0004896778,0
0.796087,-1.748276,0.0048946273,1.1462883,0.19227481,0.0002852431,0.002930795,0.0006236131,0
0.26597276,0.59194714,0.15058784,1.0735708,0.111577116,0.0003407769,0.00072110747,0.00045498108,0
0.0015838766,1.8036202,0.08449162,0.2815276,-0.005053685,-0.00014414248,-1.6280395e-05,0.00048522197,0
-1.3597453,4.357403,0.22613958,1.3201897,0.11222071,-0.00012776663,0.0030782237,0.0004924236,0
2.011442,-3.2155716,0.0756993,1.5271559,0.087640956,-8.041031e-05,-0.0007393262,0.0006125435,0
-3.5682356,4.928019,0.12795034,1.4553567,0.017138153,0.00022063749,-8.822801e-05,0.0004837207,0
0.122757524,-3.0065625,0.25926596,0.99471456,0.027140008,-9.8869874e-05,-0.0041246675,0.00048089723,0
7.2378464,2.353813,0.19845916,1.0948436,0.05224659,0.00020942383,-0.0013616256,0.0006114322,0
2.146144,2.1545572,0.23507805,1.2078466,0.11728612,0.00021836282,0.00029191858,0.0004426398,0
0.30556887,4.6470604,0.10087144,0.6129899,0.066476084,0.00011017754,0.0013466834,0.0005243953,0
-0.66960675,4.46959,0.07192768,0.8686012,0.039674524,-0.00022863776,0.0006482912,0.00066614704,0
0.062659465,0.69210273,0.099186815,0.95345545,0.012480362,3.6456982e-05,0.0035632877,0.00055576913,0
-3.334374,0.73951435,0.23985773,1.6560596,0.20805407,-0.000103018836,-0.00062171504,0.00037424223,0
-0.70205957,1.3990752,0.27898675,1.1696196,0.018015247,0.0001303516,-0.0006702858,0.0007089539,0
-4.8229833,0.55422175,0.3618885,1.2027199,0.030996097,2.8510916e-05,0.0006392166,0.00063728483,0
-6.635586,4.6003013,0.08608343,1.0933391,0.007075558,0.00021771065,-0.0021962486,0.00054621726,0
6.072929,-4.089522,0.2151765,0.9352071,0.09258872,0.00010382955,-0.0002829738,0.00054878724,0
5.4130445,-0.57271135,0.25758064,0.6826908,-0.04564364,0.00019448125,0.003968232,0.00053556135,0
-0.9391741,-0.0021257838,0.09996738,1.4418061,0.1382333,9.581933e-06,5.9915703e-05,0.0005265878,0
-1.3101592,-0.19839785,0.36797774,1.1011897,0.0141659845,-2.9508361e-05,0.002488384,0.0004818776,0
-1.9481192,3.963912,0.31356823,0.9598306,-0.13665399,0.00030150273,-0.00036925965,0.00057906256,0
-5.910311,2.677792,0.103106245,1.4923056,0.05142731,-9.0787886e-05,0.00018592738,0.00056863186,0
0.31768337,1.7532389,0.35811526,0.5743033,0.21172126,0.00012087119,-0.0007975681,0.00036696863,0
-0.5673612,2.7649503,0.18979608,1.804462,-0.09511757,9.758221e-05,-0.0015047869,0.00053636316,0
2.6606622,-1.2622854,-0.008337108,1.2795793,0.093673855,0.00018085894,0.0034715643,0.00039289464,0
2.0406482,3.5775225,0.057712995,1.3278607,-0.0004179831,8.3695464e-05,0.001695353,0.00045127716,0
-2.0271242,0.102457255,0.11302032,0.76566994,0.11793733,-0.0001297588,0.002332625,0.0005462591,0
-5.17742,-2.0326939,0.29552874,0.8075338,0.0035595738,0.00019241218,0.0025667811,0.0004748461,0
-1.7925305,4.2671094,0.33911198,1.5915432,0.058531813,-6.165315e-05,-0.0006608888,0.0005522514,0
1.2551947,4.204796,0.252036,0.5987679,0.15519476,-9.961212e-05,0.00023205746,0.00052502,0
5.9870024,9.329756,0.24853784,1.1267214,0.10345057,0.00027753107,0.00035866475,0.0006795211,0
0.69021225,1.4932293,0.25327393,1.3686347,0.13389406,-2.3450637e-05,-0.00011660351,0.00038998458,0
1.3185037,2.3368094,0.23662183,1.869797,0.0494404,0.00023374833,-0.0011834018,0.00046129004,0
2.0866132,2.5473063,0.17648265,1.1713603,-0.10178737,2.859416e-05,0.0027807662,0.0005575205,0
1.5019971,0.14932106,0.20056506,0.93587154,0.119882844,0.00018419459,0.0019840377,0.0004473965,0
-6.4600286,3.2914581,0.161693,0.8548897,0.11934789,2.1597472e-05,0.0031198729,0.0005617006,0
2.050708,-4.097867,0.29695553,1.3045002,0.013072286,0.0001286777,-0.0025524704,0.0005408653,0
-3.0881145,-4.058011,0.07821126,1.6450753,-0.012926339,0.00040674553,-7.1602924e-05,0.0003292642,0
-3.3495734,3.707435,0.18752815,0.98068506,0.066001825,0.00020035655,0.0032347976,0.0006448499,0
-1.0793059,-3.978143,0.1669228,1.3041122,-0.046375893,-9.1430185e-05,0.0016875757,0.00049513474,0
0.09839099,-2.275486,0.18156794,0.83030677,0.13901985,0.00030704986,-0.0026923758,0.0004070489,0
-4.489588,-1.9500718,0.19332497,0.6201419,-0.04218598,-0.000100791476,0.0014145346,0.0005069344,0
-2.1652126,0.5304626,0.15626559,1.0913379,0.21734521,0.0003680922,-0.0015991625,0.00058297324,0
2.4341896,-3.44479,0.2655022,1.8151728,-0.06225448,-8.350056e-05,0.003035323,0.00052714953,0
1.6544288,1.0217676,0.23125568,0.6694111,0.15473177,0.000333918,0.0005412185,0.0004956523,0
-4.5933223,1.5427643,0.2457646,1.1751236,0.16243534,3.3184555e-05,0.0021292118,0.00039803356,0
-0.070656456,-0.52306277,0.21802463,1.0521892,0.03685274,0.00026520944,0.00012647152,0.00033934228,0
5.2487516,4.1443624,0.09661899,1.4758831,-0.00029747706,0.00015269744,0.0015884483,0.00047655922,0
-2.351297,-2.071623,0.12670465,0.8672711,0.04328217,-4.3152e-05,0.0023641041,0.0006487246,0
-1.7401597,0.7182135,0.23997481,1.3888009,0.057595525,0.0002485365,0.0019644978,0.00037623374,0
2.6074681,2.6618726,0.13893712,1.2151752,0.1183329,5.8137237e-05,0.0031459562,0.0007363873,0
-2.357958,-4.1431336,0.22430548,1.488625,0.026913363,0.00039065213,-0.0016772116,0.0005692919,0
-1.8175825,5.1581335,0.35940123,0.89333737,-0.0049557136,0.00027191758,0.0002257387,0.0004954589,0
0.07616526,-5.7590194,0.19889298,0.92410886,0.00068771775,0.0003887264,-0.0015130137,0.0005813205,0
-0.8368888,-0.8392805,0.26322976,1.3360205,0.1070613,0.00029363693,0.00033738324,0.00043877633,0
-3.2554517,-2.4762316,0.43592754,1.6978718,-0.08510744,-0.00016449159,0.001963732,0.00055472646,0
1.6466515,-0.76486737,0.18996365,1.3311518,0.058589302,-0.00034386007,0.00054040074,0.00041485936,0
0.5256342,8.955777,0.22939853,1.0745882,0.14218014,0.00019653757,0.001840189,0.00056068506,0
6.1696305,-3.3926654,0.23789057,0.82944757,0.105551265,-8.37373e-05,0.00016526638,0.000470491,0
2.9274502,2.7553632,0.10034261,1.2219737,-0.020957986,-0.00015170098,0.0005659659,0.0004691517,0
7.2801495,1.2988795,0.0897906,0.9740904,0.15213832,0.0005176886,-0.0021719667,0.00031200756,0
5.6128955,1.1688426,0.13053659,1.4138516,-0.21357477,0.000100675104,0.0016556423,0.00059242704,0
-3.041688,0.25706148,0.12596603,1.3021535,-0.039534632,1.8379833e-05,-0.0009916308,0.0005651136,0
2.5753534,-0.7038617,0.20305903,0.62056345,0.020032335,8.9959074e-05,0.006241586,0.0003888033,0
4.392532,2.9905763,0.22245091,1.9034482,0.08721055,0.00017783184,0.00089375867,0.0006223569,0
3.2894077,-1.8770318,0.09446023,1.1188078,-0.030003857,8.7295084e-05,0.0034748763,0.00045426984,0
-0.12847014,0.1740682,0.26787448,0.30124426,-0.01067003,0.00014225674,0.003400158,0.00045080975,0
-5.629658,1.8591343,0.14917101,0.7241333,-0.012434539,6.309493e-05,-0.00020948933,0.0002794434,0
2.6911986,3.824625,0.25212175,0.74492574,0.029850846,9.869574e-05,0.0021975888,0.00056683406,0
-2.2025213,0.24598667,0.23658243,1.782329,0.12045065,0.00025781133,0.0011676532,0.0006410459,0
1.2292883,-2.5832636,0.3122696,1.4791613,0.0056955977,4.1014064e-06,0.0015931511,0.0005463185,0
0.5918768,0.93392605,0.3359966,1.6286173,0.06906356,0.00028826212,-0.0010650478,0.0005397927,0
5.427919,-0.6541377,0.13218929,0.93916446,-0.058963303,-5.695238e-05,0.0002589838,0.0003594433,0
0.046855003,2.7068315,0.1273795,1.8077136,0.10107921,0.00030611613,-0.0003156691,0.00058545254,0
-3.2758017,2.6707425,0.21374714,1.4213005,-0.06755946,-7.901397e-05,0.0021944565,0.0004051652,0
1.3896189,-4.1014132,0.26785395,0.70699066,0.105229996,0.00022512619,-0.00039354363,0.0005582027,0
0.7813268,-1.6165255,0.119315624,0.41494972,0.084965006,-0.00021296056,0.0011906883,0.00047365518,0
2.0374284,-0.9061365,0.17364417,1.4927483,0.0835058,0.00016323119,0.0019385351,0.0003464428,0
2.270366,1.8374064,0.11866535,1.1023678,0.04606927,7.3100644e-05,0.0016677199,0.0006431367,0
3.2453003,-3.9366577,0.2497656,1.7315733,0.08868085,0.00031819608,0.0050245407,0.00060237094,0
0.74792576,3.1352654,0.21159102,1.2095612,0.0148585765,0.00041268268,-0.00063685735,0.00065323676,0
1.4995924,-4.1979184,0.22941194,0.3599894,0.1125508,0.0002770463,-0.00018471191,0.0005123548,0
5.8624725,-1.5172402,0.11528739,1.7926654,0.24625872,0.00010073913,0.0030229262,0.0006341476,0
-2.2274528,-1.4559175,0.29846996,1.8740057,0.10628808,-7.596287e-05,0.004974122,0.0004469029,0
-1.0054133,1.0270135,0.32433283,1.5415903,0.09148655,0.00019265771,0.0010870293,0.00055581395,0
-7.5886803,-0.88982236,0.21930575,0.73959434,0.08863233,5.9105754e-05,0.004510951,0.000657302,0
-1.3974167,-0.45251313,0.1940842,1.0193362,0.069502495,-5.1656414e-05,-0.0012612307,0.0005622711,0
1.8885888,-2.4129472,0.27162844,0.9473689,0.075316526,0.0002640688,0.00093277486,0.0005454741,0
-1.549289,-0.58939976,0.18353124,0.9013687,0.03232258,-0.00020972366,1.7692506e-05,0.00047151244,0
-0.76853925,-0.7244923,0.19505887,1.3917766,0.13745171,-2.9953046e-05,-0.0014064017,0.00039579556,0
-1.4616088,-1.055764,0.13840032,0.68155336,0.0043879175,0.00013628532,0.0021900588,0.0004442577,0
-1.2389935,-2.7800949,0.19748487,0.86062855,0.10731278,-0.0002571733,0.00028074064,0.00053011073,0
0.55150354,8.079101,0.227984,0.79837817,0.040453576,-0.00025524927,0.0008388005,0.00041669438,0
2.7461708,-1.6486208,0.19065873,0.9457769,0.22388513,3.5751447e-05,0.004665114,0.0005814152,0
1.4462001,1.1061994,0.23150378,0.42893097,0.02211166,0.0002690316,0.00090220565,0.00035948103,0
-0.15721335,5.1123166,0.29975134,1.1751984,0.14514492,2.6698595e-05,-0.0024077431,0.0004075534,0
4.6886663,-0.8219792,0.18052928,1.0800648,0.24041367,0.00042519177,0.0054375604,0.00048409548,0
0.8868735,-4.5499277,0.31815475,0.73288816,0.07167756,-0.00011946051,-0.00017773366,0.00041627375,0
-1.8236258,-1.6173681,0.1561385,1.5333335,-0.06048628,0.00014410829,0.0034359184,0.00044868037,0
-2.1537566,-0.69157386,0.294378,1.2776431,-0.0031214294,0.00019677533,-0.0012045843,0.00056813593,0
1.225822,-0.92342544,0.13291314,0.8453276,0.10348173,0.0003457961,-0.0002746155,0.0005458387,0
-6.261081,-1.7538532,0.19751528,0.8361266,-0.04365064,-3.3555913e-05,0.0015843854,0.0004812671,0
-6.7146935,-6.3621006,0.15145078,1.3830746,-0.22475049,5.396477e-08,-5.2495714e-05,0.0006388338,0
-1.1550654,1.1489669,0.21130057,0.3477734,0.12682073,0.0001430793,0.0020165374,0.0008926238,0
-6.252339,5.17409,0.1770042,1.3149315,0.045448776,1.5152733e-05,-0.00013966586,0.00053295086,0
-4.5515213,2.2517376,0.16670445,0.74797225,0.004998714,0.00035142983,-7.0670176e-05,0.00053584535,0
-2.1928687,2.2737656,0.2548406,1.9394436,0.032443605,0.00023373096,0.0011961351,0.00062958716,0
-2.1564972,2.2350159,0.18442422,1.1743248,0.05917525,0.00015044808,0.00076754193,0.0005214713,0
4.734354,2.9563491,0.26953235,1.0177842,-0.038924083,0.0002910601,0.0027520936,0.0006472671,0
-1.8119419,-0.68864596,0.06884126,1.0430115,0.14965706,6.700924e-06,0.0022809596,0.00048094967,0
0.97217107,-3.4430742,0.20681676,0.0035456116,0.031310383,-0.00022609465,0.003411989,0.0005777407,0
1.400013,4.563019,0.12408668,1.8989453,0.14321916,5.268894e-05,0.0032712403,0.00038937066,0
-2.4735425,-1.8257692,0.15768178,0.77737695,0.17230831,4.822912e-05,0.00170501,0.00044296487,0
-5.46181,0.8101721,0.0470196,1.1725464,-0.0868315,0.0004974552,0.0028227253,0.00051057537,0
3.79112,-2.5389478,0.24347834,1.2799242,0.07640201,0.0003544707,0.0024649843,0.00052887236,0
-4.964662,-2.8801389,0.19018328,1.2373489,-0.06302037,0.00058233534,0.0040327883,0.00056021183,0
0.21611059,-0.6366269,0.12384652,1.2309922,0.07577525,-0.00014835212,0.0016683529,0.0004844741,0
-5.7234225,-2.581155,0.16691156,1.955075,0.10565531,-0.00016709631,0.0019720725,0.0003452696,0
3.248073,-1.413374,0.1925091,1.7303187,-0.07871636,-0.00017942363,-0.00016719865,0.0006038379,0
-4.558038,-8.496467,0.16390729,1.4206964,0.17002617,7.3677274e-06,0.00017714678,0.0006153901,0
-5.6092253,-1.1655623,0.2152339,1.3796875,-0.0009806693,0.000106888205,-0.0039766547,0.00043417516,0
1.3605261,-2.946882,0.20471874,1.378749,0.01574508,0.00013409276,-0.00092546514,0.00047933887,0
1.8306485,0.4709189,0.1530775,1.2896866,0.12146098,-0.00030998825,0.0033181482,0.00046637453,0
1.2764698,3.5917408,0.0902661,0.9162236,0.02114513,-5.6750705e-05,0.0044698734,0.0004143228,0
-1.6666403,0.6131671,0.103828035,1.0417277,0.08174533,3.3427918e-05,0.0008132263,0.0004470668,0
-4.543411,0.9647796,0.34039465,1.2073606,0.07252641,0.00023854456,-0.001538661,0.0006702515,0
0.6069864,4.8955708,0.14135736,1.9272248,0.12751555,0.00021060802,0.0014680489,0.00047514713,0
3.601595,0.4210796,0.042634424,0.7531254,0.031415425,0.0001619998,0.00088682305,0.00062189705,0
-5.853306,0.4307638,0.054561663,1.5038849,0.04055413,0.00018392199,-0.0007277659,0.0006279465,0
3.125174,1.7506329,0.18963861,1.4319429,-0.020689256,0.00027111114,0.0042989617,0.0006070611,0
-2.1888075,1.084252,0.09654868,1.4289562,0.09506034,-0.00027396326,-0.0013235677,0.0004716861,0
-0.90257925,-3.6284308,0.23111829,1.3005894,0.030573087,-5.11583e-05,0.0030974143,0.0006655407,0
-1.4506844,-1.8365008,0.23929662,1.0567882,0.03606028,0.00024793064,-0.0028187123,0.00063183025,0
0.21804157,-1.2344794,0.19286127,1.1849717,-0.12312013,0.00039898764,0.0010826513,0.0005443002,0
2.8546493,-3.0634873,0.23787776,1.0929435,0.13467708,-0.0003254455,0.0008018114,0.00043971793,0
1.2967888,1.4101325,0.14338993,0.91513044,0.038933463,-7.932845e-05,0.0026839674,0.00046307928,0
-8.720964,-1.1244662,0.11691649,0.5474897,-0.073742665,0.0001218817,0.0036572816,0.0005313184,0
-1.8195102,1.3677126,0.16327277,0.92215985,-0.06543627,-0.00025036576,0.0002201526,0.0005158053,0
-0.289871,-1.2479007,0.12434032,1.4432985,-0.08171319,0.00025520558,-0.0010044341,0.00042475646,0
-4.4003553,-1.5042064,0.278025,1.4062512,0.14784221,0.0002044285,-0.0012073397,0.00046692108,0
-2.3405974,3.9917247,0.104256906,1.557479,0.13929538,0.00046592404,0.00018062681,0.00057123223,0
6.8449554,-1.8529251,0.07719678,0.447996,0.1212712,-0.00027663005,0.0002553619,0.0005437313,0
0.5555266,1.2763346,0.21778318,1.7115463,-0.045231637,-3.539903e-05,-0.0005453189,0.00058301917,0
2.7011957,1.353676,0.2946795,0.72878367,0.21672241,0.00040464773,0.002471244,0.0006781799,0
-4.9698696,-1.5733443,0.14117572,1.4885917,-0.055014074,0.00025149903,0.0037410723,0.0005695203,0
0.8512531,-2.96362,0.13225192,1.6998476,0.1279349,9.21961e-05,0.0001641809,0.0002974192,0
-3.2125573,5.734257,0.09756356,1.2757919,0.1507444,-0.00015098453,0.0013694209,0.00059379154,0
0.037497967,8.605209,0.066512056,1.6234914,0.032719824,0.00025438404,0.0018826143,0.0004266844,0
0.6869892,-5.5737042,0.2482598,1.3192633,0.113866016,0.00031162368,0.0017352396,0.0005148089,0
-2.643205,-2.1366622,0.29493877,1.7745341,0.026188957,0.00010920055,-0.00080922875,0.0006172757,0
1.9962505,5.8236523,0.12973416,1.0487969,0.07314459,0.0002292979,0.00056866475,0.0004127039,0
2.6442225,2.1634061,0.12669808,1.7421771,0.16701987,0.0001268593,0.0011591957,0.0005554058,0
-2.5851092,0.09009444,0.027809316,1.5505823,-0.10614932,0.00040068396,0.0003397598,0.0004788333,0
-1.8832017,-0.8641166,0.3134825,0.20487654,0.17769654,0.0001676047,-0.0014140432,0.00039246876,0
5.029179,-2.8365207,0.10773196,1.6549258,0.083855286,-8.758512e-05,0.0014332499,0.00039742474,0
3.3024642,3.1841128,0.24256049,1.3446645,0.22611882,9.9937264e-05,-0.0013637482,0.0005449474,0
6.258141,-3.0442784,0.17108297,1.3665785,0.044609517,-9.646072e-05,0.0032437157,0.00073200406,0
0.5883944,-2.712205,0.07608316,1.3031904,0.16038774,0.00019503354,0.0009951923,0.00044107283,0
-3.276491,2.5042539,0.27310172,0.5817081,0.2089839,0.00021481424,0.0037991893,0.00036578721,0
-4.0974727,-0.44690794,0.24022275,1.9185443,0.12060789,5.1463743e-05,-0.0010527384,0.000623,0
-2.8941162,4.8854055,0.17724922,1.8362328,0.11789313,7.26009e-05,-3.8792743e-05,0.00046590922,0
1.28495,0.23146948,0.15249509,1.1337475,0.057857703,-0.0003257468,0.0019163362,0.0004020279,0
-3.4599972,-5.062033,0.0564886,0.657821,-0.020902095,0.0004906518,-5.175935e-05,0.000517775,0
1.2014441,0.39319557,0.19380452,0.7218825,0.19509275,0.00046143934,-0.0023653174,0.00039759715,0
-0.83943105,-2.8936133,0.24047725,0.9086911,0.2665056,0.0003381097,0.0014251481,0.00060269865,0
3.3177013,-1.6918424,0.13470262,1.2312572,0.1361636,0.00012781208,-0.002153993,0.00041971754,0
-0.2219186,-0.22699681,0.35780337,0.64560485,0.10055892,0.00039782262,0.0055428995,0.00045956025,0
1.4742883,1.7092811,0.21563853,1.1604619,0.09359754,-0.00040644922,0.002364139,0.0005126178,0
-0.6674247,6.1405864,0.14600527,1.0387696,0.24915533,-6.641226e-05,-0.000100230565,0.00048529747,0
2.5222034,0.62340754,0.096589975,0.98713255,-0.010735443,8.455579e-05,0.0018516873,0.0005418206,0
-5.3280354,3.191823,0.2202055,1.7538128,0.09441983,0.0003202646,0.0019330906,0.0006346226,0
1.566752,-0.29374573,0.38179478,1.5556148,0.107374445,-0.00015526089,-0.0015766153,0.00052927155,0
0.43656358,-1.8423676,0.21127862,1.8354508,0.119540244,-0.0001282017,0.00077698234,0.00041950334,0
-1.1630998,-1.240847,0.16178836,0.69794583,0.037234534,-1.2121527e-05,-0.0048588975,0.0007052972,0
3.266309,-1.1289022,0.20150553,0.73133826,0.21957229,0.00047945773,0.0013133874,0.0006023531,0
0.5258603,-4.010176,0.16705413,1.2527711,0.004545228,5.6269346e-05,0.00081720087,0.0004919121,0
0.15677547,-3.1818151,0.14263871,0.6861663,0.14778155,-0.0003211294,0.0033071807,0.00063863496,0
-0.90654176,-7.809411,0.17109515,1.1743263,-0.051059823,-3.0436788e-06,0.0040603904,0.00056649273,0
-2.7736924,-4.7927976,0.17383862,1.1146173,0.09961992,-7.0633423e-06,0.002022999,0.0006935154,0
2.4465032,-0.14426552,0.18534796,1.0573307,0.16806409,-2.5462688e-05,0.0010904454,0.0005051198,0
-1.5053526,-4.117397,0.22583796,1.1755984,0.100024045,-6.7200613e-06,0.0034416425,0.0004123226,0
5.136121,-5.2429094,0.23478161,1.3901722,-0.029555706,0.0001848788,0.0035590373,0.00027831813,0
1.5082344,-7.4798126,0.12274682,1.8516666,-0.008178203,-0.000134776,0.00060412457,0.00070679066,0
-5.4950466,-3.1539297,0.31979454,1.9430809,0.039656878,-0.00014781054,0.005191687,0.00065944425,0
2.036841,-2.437207,0.19607766,1.1358559,0.08308513,0.0003902003,0.002758834,0.0003922624,0
4.1294894,0.93939644,0.25496528,1.7866163,-0.061158024,9.283488e-05,-6.29091e-05,0.00034321405,0
1.0401299,7.53467,0.052793782,1.1870878,0.11405429,0.00012461565,0.0007737439,0.00037007837,0
0.6983602,-2.270292,0.024806263,1.6778369,0.14583859,0.00011033219,0.0014581494,0.0006074318,0
0.673019,2.7120526,0.17620142,1.7247936,0.082078576,0.00013881038,-0.0015401222,0.0005286956,0
-2.4958649,-1.9148482,0.13476995,0.77350605,0.26247713,0.0003662678,0.004840735,0.0003777105,0
0.21376126,-3.880523,0.1443444,0.8327492,0.1739584,2.0754065e-05,0.0031367587,0.00056041207,0
6.9109163,-4.4383326,0.30073866,1.6585764,-0.047337882,0.00030142665,0.0016722899,0.00047725238,0
-2.4718065,-2.1573284,0.36398497,1.2002732,0.128213,-5.8179878e-05,-0.0005597059,0.00060819846,0
-4.0487285,-1.2456414,0.20272219,1.244549,0.03209067,0.00017916395,0.0023857115,0.00057346374,0
-2.9574115,-0.8524653,0.29558104,1.5578588,-0.08728594,0.00017029599,-0.0029564505,0.0005046935,0
5.693301,-2.8436782,0.13325416,1.5056119,-0.10428015,-2.6551006e-05,0.0021928824,0.00043657143,0
-0.70790994,2.232557,0.23372369,1.3067274,0.016087772,0.00017401222,0.00075253466,0.0005457806,0
-1.4907961,-0.5477069,0.12080338,1.185997,-0.031100087,-0.00012280929,0.0015173223,0.000521274,0
2.3486211,-1.2933767,0.23264423,1.4203191,0.09447738,-6.5130735e-05,0.001298727,0.00053641404,0
0.0215354,-6.259433,0.21283917,2.0850124,0.013996073,-4.561542e-05,0.0017466971,0.0005312378,0
3.5782056,-3.7736044,0.2585104,1.4361688,0.035785347,0.00016773747,0.003058915,0.00058723154,0
-3.4290578,2.4604745,0.1948249,1.2291496,0.0573197,6.9951406e-05,0.003383415,0.0004916282,0
-3.3586383,-1.1805896,0.21429558,1.6916859,0.11030947,-7.010705e-05,0.00597038,0.0005264775,0
3.826172,-0.4551433,0.24266873,1.5357873,0.17181948,0.00031147368,0.002744394,0.00046849131,0
-1.7152381,0.9978225,0.27465025,1.1109117,0.1565172,0.00039052335,-0.00083264185,0.00041630794,0
-0.42112517,0.92283803,0.15803464,1.7408811,0.09240668,0.00010788941,-0.001871819,0.0003684184,0
0.8430278,-6.397787,0.281011,1.1367384,0.3743093,0.00056158326,0.0006371019,0.0004893663,0
2.9867446,5.109518,0.06895768,0.48544982,-0.01220348,0.00021654752,0.0019937472,0.00060697715,0
-3.5990925,-6.9484315,0.26864114,0.8687215,-0.1518488,0.00012901275,0.0025863515,0.00048779428,0
-1.3735452,-0.4780867,0.17035338,0.66078115,-0.021468068,0.00020425598,0.0016433571,0.000516806,0
-2.9854455,-0.5445095,0.025834797,1.2713907,0.19288577,-0.00019482643,-0.00017185534,0.0005329107,0
3.758528,-1.3446739,0.14461997,0.41243073,0.060343813,0.0005084152,0.001554717,0.0004977721,0
0.9662469,-0.03327601,0.13495885,1.529312,0.07257615,0.00010352265,-0.00095073204,0.0006303508,0
1.9941082,-1.6587625,0.280146,1.0009717,-0.028200349,-5.1940624e-05,-0.0025421372,0.0005471542,0
-5.4934344,-3.6853316,0.03395296,1.1655722,0.034967955,3.4660756e-05,-0.0010851554,0.00038277663,0
1.3931096,-1.6516558,0.22530867,0.84590054,0.06810627,0.0003606556,0.0021723316,0.00045875862,0
0.7715969,-0.72199553,0.20063041,1.0697556,0.03356648,0.00014241868,-0.0009867174,0.0003984121,0
-4.1656275,-4.800813,0.10261738,1.263785,-0.039278753,0.00020272289,0.0010694275,0.00030314957,0
1.9649267,2.432396,0.12049098,1.3680766,-0.035649825,0.000119534074,-0.0015289969,0.00032068935,0
-1.1484516,-0.37118685,0.16818562,0.7263878,0.010010093,0.00015385896,0.0009102139,0.0005182501,0
-2.0103457,3.5151536,0.10590614,1.3950241,0.16818911,0.00019618162,0.00059495156,0.00044717029,0
3.108263,-4.2689247,0.12239006,1.0409769,0.17376538,0.00017595352,-0.0009360915,0.00046896923,0
-1.8429694,-2.1293669,0.27831116,0.65130275,0.21087809,0.00026564594,0.0031817234,0.00045370604,0
-0.44982216,-4.2994556,0.15802701,1.3974619,0.1796063,-0.00012143136,0.00026898814,0.00048487008,0
-4.1873674,1.7740477,0.14208077,1.1218438,0.004805063,-5.7867703e-05,0.0009859101,0.00047843903,0
-1.1155736,-2.1853848,0.22556198,1.8614469,0.06398872,0.00029922364,-0.0017804438,0.00051577616,0
-3.292105,-4.4307747,0.14085029,1.6767597,0.14500159,0.00014860094,-0.002065401,0.00048037193,0
0.90510005,0.5266087,0.05249651,0.84387285,0.043592222,0.00020725818,-0.0033922556,0.0004837876,0
0.42914632,2.548836,0.2554286,1.4330286,-0.02999405,-0.00028160043,0.00021389448,0.0006001632,0
4.1803637,2.1316473,0.23434727,1.3518559,-0.0056118746,7.398794e-05,0.004338139,0.0004057442,0
4.8443365,-0.9660845,0.30603456,0.63727397,0.10859042,-4.7354028e-05,-0.0018305344,0.0005218534,0
3.0284154,-2.5348244,0.08007872,1.1632621,0.04125647,0.00020966392,0.0028991892,0.0004940585,0
5.5665097,0.6727042,0.17228588,0.5553731,0.023734048,3.272261e-05,0.0029206097,0.00054624834,0
-3.5381074,0.51676315,0.2537225,1.8112125,0.1387504,0.00025216932,0.001120172,0.0005388312,0
3.7485147,-3.9983323,0.17204486,0.8909725,0.08791531,0.00034604443,-0.00019394857,0.00026096957,0
-1.2366623,2.7404213,0.24301039,1.3712745,0.02200067,-0.00015580615,0.0020305887,0.00041657183,0
6.55229,1.7115216,0.15354814,0.9554459,0.04070558,5.2099615e-05,0.0032336675,0.0005186416,0
-2.1948953,5.671322,0.20394467,1.5075358,-0.010822651,0.00017262313,0.00162222,0.00031103508,0
6.0458255,3.8719335,0.16822438,0.7590921,0.08475616,0.00011733954,0.001711338,0.00051915774,0
1.518723,4.341917,0.24544826,0.7801378,0.18625629,0.0004281229,0.0073041134,0.0003876506,0
0.72864604,-6.246296,0.24425194,0.98071986,0.24234457,-5.4922995e-05,-0.0023783662,0.00045287362,0
-5.926463,2.2532983,0.034793355,1.211383,-0.15778118,3.594044e-05,0.0042867563,0.0005360648,0
-2.5904808,-0.093610466,0.20144135,1.3890522,-0.08668584,0.00021851345,-0.0044087833,0.00043701153,0
-1.4648216,1.8999804,0.20181046,0.63777477,-0.048499312,0.000139736,0.0008418653,0.0004420876,0
-1.4425014,2.088504,0.1585846,1.1647635,0.26699367,-0.00018473652,-0.0027036855,0.00057835894,0
-2.0359292,-0.95471257,0.13750748,1.09608,0.20985381,0.0002604257,0.002724447,0.0003583773,0
-3.4534612,-8.517236,0.13524954,1.5826813,0.10169465,5.5697346e-05,0.0009553994,0.00043111143,0
0.61427665,2.2976348,0.070729055,1.319859,0.14324349,1.6979942e-05,0.0024014013,0.00078146544,0
-0.31302837,1.1799212,0.14095543,1.2725005,0.096027166,0.00013896846,-0.0010393907,0.00052063615,0
4.3865876,1.3459073,0.27695897,1.1051952,0.12499002,0.00015585357,-0.0009018215,0.0005318521,0
-2.97509,-1.8986409,0.21514626,1.3188977,-0.06892325,0.00031079716,0.0021440126,0.00042952716,0
-4.6127543,-0.43471375,0.1643245,1.2452562,0.013688334,-0.00030149138,0.00022330612,0.0004694381,0
1.9009831,-2.094599,0.33429396,0.43534377,0.18111674,5.5136206e-05,0.0027191697,0.0005079801,0
3.4186666,-1.1620859,0.11211037,1.7682017,0.038651936,0.00014431169,0.0034695037,0.00039680448,0
1.7864727,-1.7696843,0.18942645,1.2289116,-0.10002219,-5.576741e-05,0.0037021458,0.0005886191,0
-0.18791874,0.72937036,0.1764606,1.7426333,0.029964741,0.00014636842,0.0032920602,0.00042226285,0
4.6763678,-4.5913844,0.33037138,1.0509298,0.025730126,-0.00027800203,9.041056e-05,0.00039601934,0
-1.822939,-0.4119329,0.27662334,1.2830414,0.08076767,-0.000119103875,-0.0007615082,0.0006798725,0
-2.2056031,4.9686246,0.1805551,1.2009152,0.15703651,0.00035437848,0.0007783749,0.0004611757,0
-0.16776134,1.0138726,0.2713043,1.201692,0.11188863,0.00042767194,0.0017626192,0.0005311653,0
-4.5567327,-7.8921905,0.23107006,1.1620703,-0.0014782675,0.00014870604,0.00087919255,0.000612778,0
0.2583326,-2.2407699,0.2792133,1.1131476,0.10265367,4.5178585e-06,-0.00029965377,0.00050841685,0
0.03848593,1.4394811,0.17850834,0.4654561,0.006722612,0.0002587637,0.00040524785,0.00047536165,0
2.9591296,-2.1359196,0.07657574,1.1357476,0.0015826048,-9.324926e-05,0.00064924307,0.0005491506,0
-0.027865686,0.9209432,0.34507263,1.0628484,0.07783487,-1.8426725e-06,-0.0006927194,0.00044150924,0
-1.4362757,1.0784274,0.38792607,0.9135826,0.00833747,8.7375396e-05,0.0017915977,0.00052635506,0
3.8522873,-7.279176,0.00904561,1.0016488,0.15973002,-0.0002131296,-0.0050152647,0.0005571179,0
0.7309717,-3.270625,0.121156834,0.8121025,0.061053533,-2.5263054e-05,0.0019881278,0.00021453733,0
-2.5705557,-3.378162,0.17949274,0.9847809,0.12978438,-0.00027186735,0.0010909829,0.0005558336,0
5.5699425,-1.445298,0.2259567,0.4784549,-0.18919562,0.00026895487,0.0009888794,0.00061785127,0
-4.1202087,1.5597064,0.34950542,1.3678823,0.077658154,0.000101711215,-0.002141763,0.0006355573,0
-1.8325729,1.5134498,0.07495726,0.7282161,0.19350874,3.053954e-05,0.003906551,0.0004921769,0
-5.5256934,2.6762028,0.15280862,1.4794755,0.052521087,-0.00020862365,0.0013285895,0.0007196223,0
1.4789593,-0.17255326,0.28602746,1.2842674,0.07095342,-0.000118325035,0.001467696,0.00060354435,0
-2.5081863,4.2734876,0.19266352,0.8448922,0.14976321,4.2641153e-05,0.00251903,0.00047082413,0
-0.17947844,1.4806806,0.22327176,0.40178728,-0.062124375,0.000285882,0.00073572685,0.00044762687,0
-4.075722,-3.239209,0.03825611,1.1594877,-0.009843758,-9.3317576e-05,0.00086375314,0.00053639704,0
6.279594,-4.5356503,0.29275048,1.5892407,-0.027909273,0.00014064719,8.47335e-05,0.00051856885,0
4.527393,1.8168187,0.24068867,1.0278763,-0.09840567,5.830636e-05,0.0034132162,0.0003472832,0
-3.1652682,0.37880322,0.121227615,0.8829906,0.007640142,-0.00017312348,-0.0009482437,0.0005703428,0
-3.9221094,-4.7936163,0.149598,1.4927822,0.03030782,7.0837846e-06,0.0010887176,0.00032542925,0
1.4841169,1.1503052,0.16725533,1.6023698,-0.06274961,0.0003255818,0.0013089874,0.00046634473,0
-0.059620906,-0.3217943,0.29762262,0.76932836,-0.026251923,0.00030726058,-0.00019106988,0.0005900533,0
5.098308,-1.2053851,0.25450897,0.73852307,0.12547334,0.0001398848,0.0019460765,0.00043544278,0
-4.98325,1.5097562,0.03492775,1.0730598,0.14411819,0.00013837955,0.0048966855,0.00060251093,0
-1.9616952,0.08194014,0.19621034,0.5671293,-0.04403989,-1.2152182e-05,-0.003072441,0.00050474936,0
-0.7472155,-5.0186815,0.23233703,1.4863491,0.07270345,3.5186364e-05,0.0021828844,0.000568022,0
0.9222107,-2.4738367,0.22212806,1.6781923,-0.009662906,0.0005195879,-5.1261868e-05,0.0005032407,0
-2.0174568,0.6698125,0.060622264,0.9815833,-0.05921212,0.00012706767,0.0029888947,0.00056460063,0
-7.1149783,6.126209,0.2236224,0.88940036,0.065712795,0.00013523796,-0.00033369745,0.0005197917,0
-1.8224169,-1.213086,0.14509767,0.6269315,0.064583644,0.00021705989,0.0020297673,0.0005819925,0
0.9730206,-1.5981765,0.2671731,0.656993,-0.04006714,-9.284001e-05,0.003160112,0.00059427886,0
1.4619157,3.2157896,0.12965737,1.3394381,0.037482556,0.0002693764,0.00076955155,0.0004615057,0
1.6227256,2.6285076,0.14653239,1.1755698,-0.055844065,-0.0003996122,0.0014009193,0.00056089053,0
0.7862004,-5.8486853,0.17193204,0.3126609,0.18697011,-0.00011721092,0.0035108072,0.00059458695,0
-2.701771,-3.3983548,0.22802962,0.8622704,0.060248464,3.4344819e-06,-0.0025623168,0.0002769532,0
0.68005276,-1.6846732,0.15575281,1.4783455,0.16734423,4.5491055e-05,0.00031880257,0.0005500143,0
-4.0708065,0.66945916,0.24415088,1.472092,-0.14367527,-5.2271054e-05,-0.0007565265,0.0005099887,0
1.4422337,4.4901314,0.16040276,1.000971,0.16496721,0.00015931539,0.003535303,0.0005288728,0
-3.47135,-3.999385,0.07587902,1.4648207,0.16885968,0.00046987244,0.0026862107,0.00061628385,0
-1.740049,-3.4692473,0.26800635,1.3670723,0.06074444,0.0001774743,0.001646371,0.0006283817,0
3.8849568,1.6326611,0.26766422,1.405625,0.0038830268,0.00025131294,-0.0017889901,0.0006053891,0
-3.5835688,0.85740983,0.13238768,1.4213556,0.046607476,-0.00021895119,0.0018413992,0.00044220794,0
2.6434402,0.0039770664,0.23163368,0.81697243,-0.008933223,8.272273e-06,0.002713405,0.0006677377,0
-2.4155152,3.2305443,0.026425807,0.72232425,-0.045877844,-0.00017050173,-0.0021671767,0.0005412999,0
-0.6422031,1.1382161,0.25523782,1.3062468,0.115776315,8.609354e-05,-0.0013739868,0.00060578145,0
-1.7673364,-2.806789,0.18576656,0.83487564,0.008256962,0.00016881079,0.0016966835,0.000410217,0
-1.4631162,3.222999,0.23971201,2.030026,0.16801281,0.00032885862,-0.0017757372,0.00057638605,0
-0.1593204,-1.6529454,0.21344122,1.5780846,0.10008316,-7.569476e-05,0.0024849179,0.00043624124,0
0.6500493,-0.9100502,0.1824907,1.5064971,-0.054019373,0.000489039,-0.0026421722,0.00044023324,0
1.1106356,1.7529424,0.19196194,1.1770437,0.091055006,5.3786105e-05,0.0037863625,0.0005839349,0
2.618473,-2.8984702,0.19364892,1.0798136,-0.05056014,0.00017203284,-7.5291515e-05,0.0005655404,0
-3.2105746,5.1571217,0.12829338,1.2877209,0.12918593,-1.4128086e-05,0.0027049372,0.00037708165,0
4.3563533,0.042447794,0.15228708,1.0803273,0.13089193,-1.689106e-05,-0.0004987154,0.00047784633,0
-3.5308864,5.461632,0.15468843,1.5326467,0.07094701,-9.690681e-05,0.0009880905,0.0005784003,0
-0.564784,3.5793388,0.28172123,1.5675659,0.0040343227,-0.00011596849,-0.00022717522,0.0005196241,0
1.6373601,-6.5147142,0.19935094,1.2632357,0.022245575,0.00035825477,0.0018435601,0.0006310192,0
-0.64788157,2.8124325,0.3308053,1.7246773,-0.05921416,4.9264785e-05,0.00030967058,0.0005489254,0
2.0590606,-2.516678,0.20542708,0.39202908,0.1941945,-2.474848e-06,0.0011117279,0.00046903503,0
3.4380827,-8.512519,0.19867118,1.1576725,0.0046363613,0.0004452453,-0.0007746589,0.0005771796,0
1.0687584,3.7845578,0.14662488,0.9068124,0.159607,0.00018506426,-0.0020898746,0.0004460695,0
1.159148,2.5132926,0.14566155,0.034297604,0.10232232,-0.00014406414,-0.0030346776,0.00021676741,0
2.4419427,0.38585234,0.18194748,1.7556098,0.113732465,0.00042326,-0.001785471,0.00049654493,0
-4.85014,-0.688147,0.18011074,1.4506454,0.05455639,0.00022468143,0.0024068803,0.0007154929,0
-0.94588995,-2.8230681,0.21968669,0.879088,0.19819608,4.335639e-05,-0.00013115273,0.00045286844,0
2.1552522,-0.47324094,0.14866665,1.8661407,-0.035616983,0.000107113214,0.0023046122,0.00033686648,0
1.4407815,-3.165323,0.26582262,0.8149396,0.1192769,0.00032116662,0.0027228731,0.00052513165,0
-0.69390285,-1.7292588,0.31768277,0.9202019,-0.05370661,0.00023307379,-0.0005922736,0.00040499365,0
-4.330813,-1.4487295,0.1933828,1.2972367,0.14513062,0.00020537959,0.0006182556,0.00048018043,0
1.5304724,3.8177104,0.21010514,1.0123477,-0.0492866,-0.00018904105,0.0023325393,0.00055779784,0
1.7320906,-0.38597834,0.31255478,1.0063525,0.14552693,9.225142e-05,-0.00021670153,0.00055925304,0
1.2289083,1.0709183,0.20650227,1.1848428,0.2888372,0.00033685134,0.0024456538,0.0005111799,0
3.0214715,1.5539843,0.20209637,1.0785743,0.041908268,-0.00053408515,0.0014212016,0.0004511524,0
4.77801,0.05803221,0.104882926,1.180048,-0.054612108,0.00019468149,0.0015818947,0.000595784,0
-2.3726454,0.10202429,0.09079826,1.4805979,0.101887114,0.000199161,0.001003238,0.0005414773,0
4.8130174,-0.8552828,0.21109161,0.7655495,-0.036826096,0.00011956266,0.003207867,0.00047437192,0
-0.7077496,-1.2206557,0.15721947,1.3179886,-0.09972577,0.00035618793,-0.0003308446,0.0005721903,0
-3.809996,2.0065205,0.25375557,1.3536808,-0.049442854,0.00014990964,-0.0013661124,0.00047472367,0
3.0882392,2.3901057,0.20121464,0.81007737,0.11455877,0.00010387625,-0.0036406312,0.00057826296,0
-0.072698504,3.6073537,0.11237836,-0.07068153,0.07790839,0.00015831273,-0.0023813432,0.00040215004,0
8.265654,-0.91683185,0.2584767,0.93973607,-0.15903029,6.594835e-05,0.00046879088,0.00046001218,0
-0.3439225,0.79280484,0.18799065,0.6943975,0.09861848,-0.00028987436,-0.0031007149,0.00057391805,0
1.5210608,-0.17218609,0.08836412,0.9168356,0.023725325,-0.0002191788,-0.0004780573,0.00056523306,0
4.281916,-1.2583042,0.26051906,0.43437597,0.11594512,-6.0789684e-05,0.0016146912,0.00047522475,0
3.961242,-2.623307,0.2502085,1.088197,0.03416945,6.322922e-05,-0.0006913462,0.0004985901,0
-0.18794467,0.7237207,0.2067604,1.5191978,0.14235087,-0.00011012467,0.002737545,0.00038136635,0
1.7635677,1.8592163,0.047094647,1.2371917,0.0031503886,-5.175305e-05,0.0037017046,0.0004346321,0
-2.4191308,0.22708482,0.25484717,1.1433406,0.16663705,0.00020619514,-0.0033564225,0.00044705332,0
-1.6855263,1.4380828,-0.009985365,2.2196038,0.10310261,0.00012977536,0.0033631355,0.0007343654,0
2.6122398,2.8464394,0.21045521,1.1433897,0.0024204557,-6.52224e-05,-0.0003740282,0.0003649444,0
-0.22761436,-5.054003,0.21527332,1.1854677,0.06469353,-4.426314e-06,0.0071537206,0.0006360116,0
-3.7336276,0.6986043,0.15135951,0.7942081,-0.0840072,0.00018644334,-0.00036276047,0.0005967826,0
2.9813466,4.121743,0.13180906,1.3901463,0.11324542,5.164365e-06,-0.0005435439,0.00066095206,0
0.6824876,1.9079032,0.13423392,0.71228623,-0.0069449777,7.519572e-05,-0.00112844,0.0004990155,0
-5.0655155,-3.3601422,0.2536729,1.4415162,0.010812324,-0.00010355286,-0.0010548071,0.00046267317,0
1.9335555,2.784737,0.16027746,0.73860306,0.076784365,-6.4707e-05,-3.6505277e-05,0.00063252763,0
2.4813464,0.47392294,0.09824648,1.2845587,0.15626574,2.4873267e-05,0.0037022282,0.0006292745,0
4.9911985,0.9157294,0.24699134,1.765675,0.09473939,-2.4682157e-07,0.000102914324,0.0005238555,0
-3.8716843,-0.42977676,0.28772378,0.32349846,0.2034482,0.00032447485,8.047077e-05,0.0005543391,0
0.009443181,3.6899712,0.27861464,0.63997173,0.10872624,5.887443e-05,0.0011656651,0.00042718282,0
5.244411,3.1201854,0.14081831,0.66615576,0.011432737,0.00018690054,0.0014804117,0.00062531326,0
2.369759,2.9087071,0.22614843,0.6442805,0.030430147,0.00031201795,0.00089695415,0.000550309,0
-0.95624495,-3.0894356,0.19013247,1.323619,-0.015568772,5.285775e-05,-0.0008789265,0.0006119245,0
-0.8833673,4.358267,0.32229984,1.1675816,-0.050844874,-0.00031717957,-0.0019440742,0.00036261653,0
4.135409,0.34747377,0.23116836,0.3118316,-0.069796644,0.00027741597,0.0015735482,0.00048527948,0
1.694527,4.9073935,0.1823166,1.2277479,0.06925969,0.0005784219,-0.0031987126,0.0005683223,0
-0.34440675,1.7003152,0.1474102,1.180414,0.12114106,0.00072258204,0.0026160723,0.00041519344,0
-1.2712791,-1.3602424,0.056348547,1.067964,0.12328291,-0.00015484642,0.0030969654,0.00054877746,0
-2.2027,-0.42458892,0.32786575,1.4934192,0.050878365,5.2463336e-05,0.0011532181,0.00044882364,0
-6.3142486,6.1265335,0.212426,1.3592589,0.044209223,-4.702336e-05,0.00062815106,0.00034006053,0
6.8312597,-3.703536,0.1174427,1.0238963,0.17880757,0.0001029018,-0.0014722716,0.0006254338,0
2.193002,1.6153048,0.25725874,2.1577446,0.26850948,-3.734307e-05,0.00424777,0.00053831685,0
1.4972874,-5.0768123,0.18636914,0.87487054,0.13280588,0.0003142161,-0.0031489728,0.0004977965,0
3.3655846,-0.5600369,0.2583251,1.3404661,0.08416602,4.5737004e-05,-0.0014331616,0.000387847,0
2.1280575,0.058374766,0.18891902,1.030444,0.019481115,0.00030938236,0.00032951182,0.00036589353,0
2.2309554,-0.61463,0.20251167,1.8430313,0.047943946,0.00015783674,-0.001357847,0.00047803306,0
1.8285781,-4.666121,0.21606761,1.2403164,0.054128744,0.0003074318,0.0016688771,0.0006478072,0
-2.9807684,0.4077737,0.20675734,0.7722982,0.1456295,0.0005649347,0.00096598786,0.0005505021,0
0.25355542,-2.140754,0.054339178,0.91769063,-0.08919584,0.0004408204,0.0007697806,0.00046540805,0
2.6674614,-3.3652532,0.13865088,1.2272289,0.1528769,0.000200337,0.0014966503,0.0005078118,0
1.2007076,0.6049587,0.11760222,1.2184317,-0.057368867,0.000116216506,3.870412e-05,0.00075393816,0
-0.119683154,-4.2127185,0.18926558,1.4077435,0.2173364,-1.789048e-05,-0.0021648558,0.0005816837,0
-4.141796,-1.3084663,0.17939036,1.1721467,0.118916444,-3.6726855e-05,0.00045254148,0.00049857295,0
0.44879386,0.29348153,0.23488046,1.5375358,0.08926341,0.00019071711,-0.0021644463,0.00050502276,0
1.4385227,2.1868236,0.14461194,0.93638426,-0.0074100676,0.00020728278,0.0030677621,0.000459254,0
2.723887,0.37043944,0.19005714,1.1154463,0.12466114,0.00016511556,0.0055516507,0.00041477755,0
1.5543051,-1.587603,0.13045704,1.1956532,0.06373525,0.0006836347,0.00063170836,0.00038698214,0
0.81903213,-6.2239203,0.19264346,1.2064102,0.12946004,0.00029472445,-7.139238e-06,0.0004849386,0
-2.2983625,-3.3841877,0.22479159,0.69056576,0.00853731,-9.903479e-05,0.0020993664,0.000680143,0
-3.904764,-5.5590553,0.19000904,1.2062792,0.07186593,1.0735897e-05,0.0005987214,0.00053675106,0
3.1212926,-5.865146,0.17048484,1.2855235,-0.04179761,0.00044623393,-0.00027081976,0.0004958707,0
1.6680663,-1.7738544,0.052274156,1.0285382,0.15294406,3.2620974e-05,-0.0006928686,0.0005925672,0
-0.9923247,-1.5304824,0.21195649,1.5083001,0.28817135,0.00026544722,0.00331968,0.0004494034,0
-3.0776043,0.18699405,0.2085736,0.7685949,0.032470547,0.00017986352,0.0017207868,0.0005504288,0
0.87289417,-1.521026,0.15888795,0.72041947,0.22847751,0.00010269007,0.0005502939,0.0004071208,0
8.806973,-3.219984,0.16569217,1.3663347,0.11002129,0.00029158642,0.004615217,0.0005506158,0
-3.1680925,-0.7708354,0.22462659,2.0272903,-0.08978055,0.0003405153,0.0013598287,0.000583783,0
-0.30598414,-2.527298,0.26006982,1.4617724,0.1472057,9.733907e-05,-0.00019964404,0.0003441213,0
2.4581199,1.2716684,0.12273739,0.9845705,0.003324119,-0.00019659688,-0.0006353648,0.00038661697,0
-1.237437,-2.2160926,0.069839604,2.009036,0.17525408,-5.5803885e-05,0.0015448428,0.0005417465,0
3.5732574,-2.455815,0.28736854,0.9808379,-0.08358624,0.0002448273,0.003581517,0.0007587909,0
-3.5991757,2.096759,0.1672159,1.5133435,-0.09704895,-0.00015255396,-0.00055174966,0.0005078964,0
-1.9232438,1.9771631,0.28215158,1.439831,0.21187876,0.00018316532,-0.0014337935,0.0006363377,0
-1.8154687,2.7312555,0.32589874,1.3826752,-0.09961588,-8.364243e-05,0.003645489,0.00048308773,0
0.23872061,2.2764733,0.25570583,1.31152,0.029133163,3.746631e-05,0.0027157976,0.00055535696,0
-0.7719,3.246337,0.18967727,0.8593351,-0.02589707,-9.574817e-05,0.00045517998,0.00062337244,0
-2.4152856,0.5654273,0.14746486,1.0958763,-0.10100412,5.5892353e-05,0.00061258924,0.0005540288,0
0.6698427,-3.5951765,0.28673586,1.2841213,0.06983935,9.816353e-05,-3.5514895e-05,0.0005217802,0
1.4267653,-5.240687,0.15689914,1.0980213,0.07561706,0.0003386622,-0.0005434816,0.0004502038,0
-1.5376023,-2.4045827,0.17222507,1.5083209,-0.05538355,0.00018556288,-0.0024038046,0.0004438662,0
-0.9884679,5.024579,0.17801581,0.31950262,-0.14988889,0.000106805914,0.0022275418,0.0005375456,0
0.50271034,3.4867787,0.1568327,1.5579642,-0.11320149,-8.0989565e-05,-0.0026140828,0.00047251547,0
-0.13878365,0.34230447,0.20495068,0.82897866,0.030975915,-0.00019948934,0.003726458,0.0004696374,0
-1.4666584,4.766821,0.10062028,0.74976516,-0.05962203,8.642572e-05,0.0018632633,0.0005739675,0
7.715986,-6.748297,0.24869885,0.97714776,-0.008641515,-2.3954426e-05,-0.00081753935,0.00066845247,0
2.526892,0.06958794,0.30808127,0.5949884,-0.08307052,-0.00033559353,-0.00039882908,0.0005161699,0
0.30857572,0.44802573,0.08711545,1.5212619,0.073962756,0.00024661087,-0.0027855244,0.0005311491,0
-3.5632956,-1.1919698,0.2427492,1.2364374,-0.035153996,0.000101254635,-0.0020630707,0.00061502674,0
-0.61585206,3.35565,0.15787746,0.9905696,-0.026418678,0.00027523478,-0.00041886233,0.00056445954,0
-1.1473572,-5.92789,0.15437487,0.7283567,0.053390272,-0.00013808155,0.0028519502,0.0004908924,0
-0.532788,1.9676764,0.27711254,1.1919605,-0.02712003,-0.00025479394,-0.00037209952,0.00043827877,0
0.32117236,-1.0354407,0.25503463,0.9548067,0.044295885,0.0003367975,0.0016836504,0.00049399625,0
-1.8058333,-1.8996942,0.13195094,0.9835973,0.12556659,5.5622346e-05,-0.0016995461,0.0006768169,0
0.95989555,-4.22083,0.16465208,1.2443546,0.22045921,-0.00012162249,0.0029520814,0.00063994864,0
-1.885963,-0.83254087,0.11709526,1.1186155,0.046341002,0.00023193,0.003180367,0.0004251904,0
-5.901975,-0.06373434,0.223483,1.299767,0.017332675,0.00012495041,0.00403089,0.0005381734,0
-1.1201053,-1.5005934,0.18641181,1.854696,0.03166993,9.6041134e-05,3.5372857e-05,0.00060989836,0
5.879512,1.3518392,0.20662183,1.2147131,-0.18843068,0.00024903018,0.0012683328,0.0005428342,0
-2.1343865,-1.1533706,0.167118,1.6086491,0.012124016,0.00051653205,0.0018617249,0.00037243174,0
-0.3856389,-1.9550253,0.024449402,1.8397883,0.120314255,0.00020664146,0.0013308073,0.00036179824,0
-1.4508514,2.5253422,0.115902394,0.18729228,0.0272894,7.164849e-05,0.0012711268,0.00057285186,0
1.9128175,0.77630943,0.29564252,0.5924121,0.10045818,0.00022530767,-0.0014791245,0.00034971294,0
-2.2378263,-1.9846244,0.26027355,0.9541845,-0.035634853,-2.2326747e-05,0.0032372647,0.00050130434,0
-0.5377531,-0.3300165,0.3033648,0.9003313,0.18155083,0.00014209926,0.0006791612,0.00075009005,0
-3.1669185,-1.0610573,0.1014055,1.5809848,0.21891889,0.00043398456,0.0034478975,0.00048023794,0
-1.0957229,-5.0135093,0.3628699,1.3875912,0.0008043095,0.00036561137,-0.000945529,0.0005406622,0
-0.5178874,1.9160314,0.19491412,0.61962885,0.05755764,0.00030977282,0.0009415672,0.0005775115,0
-3.1365886,-0.07878238,0.15003917,1.4987923,0.053149156,0.00023801473,0.003175421,0.00056916184,0
0.8193553,-2.9946368,0.19977711,0.98676383,0.015593604,2.509317e-05,-0.00095985114,0.00030426614,0
-2.004429,0.5801384,0.09214584,1.2062728,0.24002685,0.0003046113,0.004287083,0.0005391128,0
3.5025294,-2.171894,0.14845277,0.10434392,0.16861455,0.0004080648,-0.00010635449,0.00047460484,0
-2.2615864,1.1479607,0.2899946,0.5028912,0.09094385,4.4665645e-05,0.0012267887,0.0005458994,0
-0.5646073,-0.31076056,0.18288998,1.5881265,0.09187599,0.00014411671,-0.0015419035,0.00046214202,0
2.6960075,0.11308972,0.25276253,1.9066048,0.15386061,0.000118631666,-2.197834e-05,0.00024464505,0
-0.5051548,-0.9780375,0.23122929,1.1384379,0.017961495,-0.0002558798,-0.00087993563,0.0005476651,0
5.1477227,-0.29257616,0.22622488,1.5809913,-0.031089393,0.0001733628,-0.0004809802,0.00058648246,0
0.45420915,0.89535546,0.13739212,1.482813,0.25847128,-0.000101582336,0.00032048198,0.00052316074,0
2.3592186,-1.6786388,-0.026642423,1.7436758,0.1260506,-0.0002485895,-0.00021513758,0.0006568182,0
4.343389,2.81592,0.185911,1.233195,0.03690742,0.00032564797,-0.0007516848,0.00041942004,0
3.0308237,-0.13308437,0.3102774,0.9313951,0.044522163,-8.44826e-05,0.0010147253,0.00035214532,0
-1.4629003,-4.3087616,0.25551385,1.4866357,-0.123026274,0.00036677715,0.0059948303,0.00050460064,0
-1.9233428,8.472992,0.09448252,1.2080426,0.06796223,0.00036902953,0.0017194779,0.0004501366,0
-2.853553,-1.0254655,0.11944581,1.2191302,-0.006419618,-0.00019880755,0.0035102917,0.00045023274,0
-3.8044105,-0.50477743,0.20546973,0.5014133,0.08316477,-0.000109431516,0.0044220574,0.00055239606,0
-1.1997,-2.2355032,0.19160259,1.4451163,0.047450587,5.656824e-05,0.0011167406,0.00043961412,0
-1.0296178,-6.257377,0.2778981,1.3195192,-0.027345585,0.000479747,0.0011740329,0.00039638564,0
2.5702124,1.1941446,0.2315664,1.0296978,0.095049575,4.7648344e-05,0.002111883,0.00030950556,0
-1.3016204,5.1664653,0.1386346,0.9584647,0.005203866,-0.00014296123,-0.0034165615,0.00047694135,0
0.40757826,-0.15751521,0.18840972,1.2172164,0.15228415,6.191076e-05,-0.00014816516,0.00047188744,0
1.7380403,4.2360806,0.1497485,1.2395735,0.08383574,-9.85156e-05,0.0010408344,0.0003534326,0
-5.307151,1.1002393,0.16929002,1.2809122,0.0482105,-9.528001e-05,0.0009094914,0.00037668986,0
4.172917,-4.067911,0.18433718,0.78309137,0.10704212,3.3713724e-05,-3.733344e-05,0.0005853202,0
0.08829177,1.5499333,0.12149393,0.6380732,0.060720798,3.623073e-05,0.0022528693,0.00049200916,0
0.61522603,-4.8701477,0.35107496,1.1343032,0.119758695,-6.721833e-05,0.0016160198,0.00036971553,0
1.3562036,-1.0679222,0.20233524,1.4791896,-0.073254034,-3.6898346e-05,0.0019146486,0.00070982217,0
-0.414247,1.7734084,0.19144228,1.9768982,-0.12472217,0.00011892421,-0.0022510882,0.00024934285,0
0.89238614,0.4184934,0.17721304,1.1575223,0.35982993,4.836497e-05,0.0020202487,0.00043506353,0
0.8856977,-0.714701,0.16715851,1.9275594,0.1677185,0.00012734933,-0.003608424,0.00046389908,0
8.109082,-0.691985,0.28825742,1.7767769,0.07189639,-6.836432e-05,-0.0038706246,0.0005684163,0
-2.444268,0.5284514,0.10001437,1.093905,0.053371906,0.00015371872,-0.0012296444,0.0006196911,0
-1.7906843,-5.0234084,0.19127813,1.2137501,0.06605894,0.00037242647,0.0005271023,0.00048803803,0
-3.3095531,2.4616606,0.21474473,1.0319889,-0.14046746,0.00038888244,-0.00145536,0.0004408722,0
1.0750335,-3.5896738,0.080519214,0.35042098,0.1220997,-9.037249e-06,0.00685454,0.0004005645,0
-2.764353,-1.6961789,0.21945077,1.0119187,0.11123322,-9.5717674e-05,-0.0017631834,0.00032017851,0
-6.6707225,-1.5542071,0.17592157,0.9474252,0.17434058,0.00034560604,0.00033039402,0.00032060788,0
-1.7001153,-1.7994642,0.1474292,0.92091244,-0.01534629,2.2691676e-05,-0.0002710822,0.00052083225,0
1.0811062,-2.7319353,0.3016852,0.80797505,-0.11178006,0.00017615562,-0.00063481624,0.00053212914,0
-7.2110057,4.1773677,0.25378346,0.5998094,-0.09787771,0.0004344532,-0.0004747598,0.00041658152,0
-6.7981563,-1.0523347,0.18178242,1.4861972,-0.08990784,-0.00020405736,0.0019019253,0.000600673,0
-4.713457,3.2445424,0.20300335,1.6367221,0.042977963,-0.00040445558,0.00069606525,0.0006060144,0
-2.6812382,-1.1638949,0.18590932,0.040194448,0.21713476,-8.027514e-05,0.002011471,0.0004913299,0
3.7728572,1.2181684,0.18120606,0.84259397,0.12978508,-0.00027468827,0.002291781,0.00039009552,0
3.756851,0.48389864,0.2515299,1.2327955,-0.1252377,-7.2145835e-05,0.0023447787,0.0005166656,0
3.5429697,1.2098237,0.12266385,0.88157433,0.060291737,-0.00036280882,0.004346884,0.0005441747,0
3.6811037,-4.7418118,0.29956523,2.0925996,-0.08208784,0.00025428037,0.0010022199,0.00034555662,0
1.4786519,2.5008097,0.15190987,1.6663666,-0.11667634,-0.00019895122,0.0012731948,0.0005025385,0
-2.1497204,2.4287834,0.24247155,1.5432557,0.037686355,0.00022051606,0.000108699394,0.00070538186,0
-2.4376373,6.315892,0.20279104,0.64979565,0.18680793,0.00012518028,0.0027022483,0.0006223856,0
1.0138667,-1.7767226,0.27805707,1.2003022,0.11858578,-0.00033074612,0.0018939634,0.00043614142,0
4.959929,1.8692621,0.21918862,1.394524,-0.049844086,0.00042465134,0.0049827406,0.00053929136,0
4.7712107,-1.7074445,0.13623092,1.2163699,0.0934941,2.1202664e-05,0.0020755364,0.00053063896,0
-2.9949203,1.5563791,0.26908225,1.2685877,0.16526482,-0.00014348076,0.0019359009,0.00038297192,0
-3.3422441,-1.8927925,0.12463518,0.9808017,0.028584968,0.0002674309,0.0003576819,0.00034143744,0
3.4202034,-2.5112703,0.19530237,1.3786145,0.06996104,0.0003188359,0.0019580063,0.00041386904,0
6.5356865,0.58300036,0.18821278,1.5855702,0.07494509,0.00017984564,0.005984368,0.00047248785,0
-0.95328265,0.34973553,0.28572127,0.59738636,-0.14655559,-1.7423054e-05,-0.002267846,0.00045751687,0
1.5074991,-2.6722467,0.085853875,1.2277349,0.13625436,-0.00023899469,0.0026404648,0.0005817306,0
2.8622553,3.6554406,0.37616113,1.0575632,0.06095716,1.6712313e-05,0.0010039537,0.00065328734,0
-4.0350432,-2.583149,0.31017447,1.6080146,0.013686836,0.0002708804,0.0016824317,0.0006500275,0
0.22352879,3.0768964,0.41136095,1.4392396,0.054932818,0.0002444894,0.0002694383,0.0007387968,0
0.5402131,-0.8188,0.13314489,1.6388881,0.13671874,5.291257e-07,0.0021529028,0.0003491444,0
0.55491173,1.3582691,0.3365864,0.8916725,-0.07783526,-7.908559e-05,-0.001673137,0.0006336657,0
4.645918,0.9606497,0.2977036,1.2535833,0.040488835,3.3392476e-05,0.00037921802,0.00034521986,0
0.7927643,-0.12100173,0.25962886,1.2374094,0.03372963,-7.4238604e-05,0.0011443065,0.0005738237,0
-3.430017,0.26242125,0.21864344,0.9127741,-0.008785631,0.00014612217,-0.001266842,0.0005349924,0
-2.686063,3.188561,0.38702622,0.8556973,0.10342079,-4.534838e-05,0.0030819084,0.00037347415,0
1.4417603,-2.6189668,0.18344124,0.7875899,0.13223505,-6.739607e-05,0.0021039285,0.0004655902,0
-0.3434171,0.44326773,0.13905403,1.2841469,0.20303346,-5.561896e-05,0.0033436203,0.0006498098,0
-2.4484649,-4.365164,0.22415687,0.981037,0.23686032,0.00010696151,-0.00060439884,0.00038528405,0
3.2697148,-1.7135519,0.2035063,1.582321,0.0015741648,9.081423e-05,0.0009668632,0.00056833244,0
1.772233,-0.6603412,0.20509192,1.0512884,-0.09776124,0.00015152017,0.0047843833,0.00041162808,0
-2.3190892,-2.6121833,0.25796735,1.3793942,0.03414623,-8.360381e-05,0.0011847536,0.00034353777,0
0.4302797,2.6145732,0.09990407,0.5869927,0.20794378,-2.2351927e-05,0.0032718957,0.00048460023,0
-0.48586446,1.3152381,0.12928009,1.2529988,0.011851058,-0.00016409869,0.0016749641,0.0004736692,0
-0.4710745,-3.630483,0.32731202,1.5506856,0.14641559,3.891106e-05,-0.0024583659,0.00069529173,0
-0.18329252,-2.2463994,0.23334412,1.6668483,0.047694944,0.00035571502,0.003166,0.0003923619,0
-2.0213704,2.8726115,-0.017009005,1.1402178,-0.09308312,4.6892396e-06,0.00040235982,0.00046417557,0
-1.6567837,-3.291431,0.3833529,1.9469848,-0.06620658,0.00041642334,0.00020106902,0.00051291875,0
-0.18982188,-1.9792459,0.2787082,1.2503546,0.0023448577,-0.00016091789,-0.00078719005,0.000335862,0
0.036670644,-3.5899968,0.17875516,1.7480408,0.16992995,9.354462e-05,0.00082583056,0.0006879874,0
1.5622684,-0.98341936,0.08591855,1.3575493,0.13293238,-2.6330305e-05,0.0015824055,0.00046364267,0
-0.5520972,-7.463466,0.18225749,1.5877477,-0.013140256,0.00011050527,-0.0005119014,0.0005360442,0
-0.6495696,-2.8177247,0.30660412,1.5715728,-0.010490676,0.00019955766,0.002074824,0.00056423014,0
-5.0827675,3.0198197,0.15442409,1.0568688,0.31378818,0.00016037468,0.00022735505,0.00027947055,0
4.1692924,-4.035629,0.119724885,1.0674591,0.19164118,0.000254648,0.000684325,0.0005308292,0
-1.8011571,0.41896108,0.20586693,1.587508,0.14671782,0.00019879547,0.0002753049,0.00057418225,0
-0.2759054,-3.245743,0.16773698,1.2338108,0.14102158,6.329436e-05,-0.0014183974,0.00050567416,0
0.34036812,0.5575129,0.27358973,1.6075693,-0.009421087,-2.3228691e-05,-0.0010803974,0.0005698816,0
4.3464603,-0.9452458,0.18068555,1.786713,0.100555785,0.00018724715,-0.001381833,0.00056787283,0
-2.787409,-3.4020605,0.17225827,0.9656829,0.027840031,-0.00018819633,0.0029176327,0.00061276864,0
-5.842027,2.9353733,0.1351577,1.5427902,0.04315535,0.00010575511,0.0006298047,0.00062121294,0
-3.718764,1.823521,0.2881064,1.486536,0.2824699,-5.7893526e-06,0.0029146096,0.0004893909,0
3.7002182,-0.023066986,0.16896994,1.7224289,0.0008438061,-0.00018254515,-3.3693766e-05,0.0005619033,0
4.1761165,0.33338812,0.30545577,0.65673006,0.0056736534,4.2284977e-05,0.00077088113,0.00050840946,0
2.072733,-1.3344206,0.21112229,1.1819508,-0.04258899,7.726666e-05,0.0007126809,0.00048349195,0
0.09527837,0.22702062,0.16541639,1.709086,-0.06694806,-4.419402e-05,0.006559927,0.00039620086,0
-4.061264,2.2034302,0.03383041,1.1058904,0.26458248,-0.00020898719,-0.002963929,0.0003500819,0
2.6950786,3.37433,0.1589929,1.473285,0.18902554,0.0004574693,0.0005073294,0.00026985284,0
-2.4626367,-1.2804126,0.1792849,1.1248562,0.16188946,0.00035488568,0.0006566527,0.0006098485,0
1.0729841,0.19351792,0.27252352,1.2289008,0.2557811,-0.00018768224,-3.0341798e-05,0.00048734812,0
1.3183581,3.8038814,0.19804811,0.63110816,0.13425139,0.00025099175,-0.0028837174,0.0004996196,0
-4.7704253,-1.9939533,0.12777528,1.5237058,0.061683018,-0.00015711821,0.0027601318,0.00035661942,0
0.99034137,-2.442032,0.17074583,1.4017082,0.10214494,0.0003673938,0.0008354926,0.0005306451,0
-1.3132119,0.54596967,0.23515889,1.160676,-0.13037504,0.00016629418,0.001729123,0.00043198265,0
-3.853161,4.4276376,0.23931564,1.1083676,-0.06370329,-6.436297e-05,0.003605181,0.0005137662,0
-1.6517612,1.5290676,0.13484815,1.8003372,0.18528005,6.685186e-06,-0.0002573405,0.00023818668,0
-4.444742,-4.0184093,0.21081522,1.0695065,-0.08453355,4.376719e-05,0.0020106742,0.00055278395,0
-5.699011,-0.38479045,0.08933274,1.5606915,0.12841465,-7.9605445e-05,-0.00053209043,0.0004538733,0
-6.7583804,1.0079045,0.17817244,1.58807,-0.05984092,-2.382459e-05,-0.0020130505,0.00039957094,0
-3.545946,2.987921,0.14413905,1.2496703,0.01192366,-0.00015389305,0.0006633992,0.0005599103,0
-3.6232781,2.4273384,0.13202232,1.0068064,0.103068314,-3.2687232e-05,0.0010751497,0.00046853092,0
0.38810402,-7.142217,0.053625453,1.4463868,0.15371814,-8.2097344e-05,0.0005119433,0.0005294719,0
2.0796528,-6.0830317,0.12911677,1.0669682,0.12031402,0.0005996861,0.00054398854,0.00035930224,0
1.2068043,3.9629874,0.20864113,0.8373406,0.1457994,0.00023270912,-0.0010521617,0.0005381426,0
2.9917967,3.54567,0.19468409,1.0567682,0.17272738,-0.0001420321,0.0018771585,0.00036299735,0
3.1961288,-0.77413654,0.30148667,1.3965651,-0.072322026,0.00038492554,0.0041024904,0.00058822864,0
-2.2847636,-0.9180419,0.21163417,0.91851586,0.21923466,0.0001288653,-0.004406696,0.00053393556,0
-1.0444722,-0.22477967,0.17051046,1.5228186,0.16196878,0.00015661064,0.00032137762,0.0004958663,0
0.05879885,-2.4072902,0.24631429,1.3840169,0.20404412,0.00035106996,-0.00037134983,0.0005820298,0
-2.8528602,2.0877962,0.15867086,0.7906987,0.07800453,-0.00043491344,-0.002501951,0.00048225082,0
0.2473253,-1.1079563,0.07364509,0.87284327,0.08912093,0.00021635635,0.00096755376,0.0006156834,0
1.1921911,-2.242367,0.17755984,0.63885355,0.0391861,0.00032242012,0.00237058,0.0006402009,0
-0.9086557,4.0382996,0.18453567,1.7886341,0.047814324,0.00024144628,0.0039502247,0.00048065724,0
0.655167,3.8665903,0.18935975,0.6716431,0.2643007,6.047107e-06,0.0013175121,0.0006156007,0
-1.8254817,-3.0236037,0.22029899,0.48276943,0.021209393,0.00014900773,0.0004600962,0.0003456549,0
4.7825336,0.31061447,0.31449217,1.0959855,-0.0380012,0.00015383618,0.00056842575,0.00038222387,0
4.409353,-1.8668107,0.05277869,1.7312664,-0.00042980158,-2.1564778e-05,-0.0025307753,0.00067409413,0
-3.8684418,0.17534845,0.27300963,1.3686868,0.04403457,-0.00024033317,-0.00061944965,0.00051878,0
-2.3615222,0.6100784,0.25453946,1.5850011,-0.07261793,0.0005393292,0.0025349588,0.0004998286,0
3.2686098,7.0962234,0.08490239,1.109895,-0.18784316,0.0001385303,0.0017307885,0.0004960838,0
-1.9636008,-6.1485434,0.22988269,1.7821738,-0.009101845,0.00018801198,-0.0021362887,0.0005457213,0
-1.1801469,-2.2872539,0.13917091,1.0425553,0.08824333,-0.00016243264,0.00020576933,0.00049585284,0
-3.2971177,5.3899956,0.13172036,0.9322252,-0.047830794,0.00045969602,0.0021058104,0.0004063408,0
3.3186946,0.6020961,0.22058028,1.0622091,-0.024941599,0.00016755323,-9.017446e-05,0.00068167556,0
-3.8078732,4.6084704,0.19109449,1.3196343,0.13331577,-2.6049858e-05,0.0027284967,0.00022924562,0
-2.1599686,-2.7721884,0.09971952,1.1140181,0.088575,0.000240532,0.0014817535,0.00043343066,0
1.1070493,0.3728571,0.2748845,1.5107747,0.053047642,-7.94506e-05,-0.00030590032,0.00044502105,0
-0.945799,0.8041513,0.25721395,1.1795526,0.051612478,0.00012866127,-3.1810625e-05,0.0004074608,0
-5.2663136,-2.085448,0.23785163,0.9188354,0.026219295,0.00019328625,0.002041379,0.00039204673,0
2.991178,3.3820503,0.10961201,0.8704653,0.16910906,7.062929e-05,-0.0034395559,0.00036003185,0
-0.74810886,-3.4891279,0.1669261,1.2129585,0.19622546,4.1909218e-05,0.0031450836,0.000642876,0
4.302929,0.8542638,0.04293687,1.3843299,0.15483999,8.378658e-05,0.0044891676,0.00058598333,0
1.7048202,3.2591422,0.2266696,0.2028758,8.6104854e-05,0.0003394336,-0.0006151827,0.00047765276,0
-3.1345088,5.351768,0.3345194,0.8464524,0.0647298,-3.609881e-05,0.0022298894,0.0005509683,0
2.4351168,0.9957553,0.43483248,0.7888305,-0.121060334,2.138196e-05,-0.0021359765,0.00035075378,0
-3.003944,-2.7665668,0.12363055,1.4072876,-0.0006189061,6.409708e-05,0.0027884655,0.00042336775,0
-0.7936377,1.0972799,0.044674575,0.2460378,0.084611736,0.00019840285,0.0051284404,0.0005158095,0
2.4592192,-0.5864179,0.22377817,1.8669027,-0.16239928,0.00018272325,0.0052711735,0.00052820344,0
4.951719,-1.8876364,0.1974362,1.2134099,-0.17175911,-0.00013363556,-0.0011937502,0.0005822066,0
2.6164594,0.9721093,0.26592824,1.1343403,0.17019317,0.00010175769,0.001115728,0.00047344074,0
2.0533514,-1.2635964,0.2781145,0.74714035,-0.059891626,0.00023748535,0.00082291156,0.00045461085,0
2.6701732,-1.8217843,0.1839839,1.7596912,0.20391424,0.00041447964,0.00043574846,0.0006230703,0
-2.8468585,-2.7207086,0.011963531,1.8691473,-0.036397986,7.469348e-05,-0.0008206487,0.0005695165,0
-1.126901,-3.9144506,0.23533301,0.626508,-0.033740573,-0.00032137783,-0.0018479162,0.0005178529,0
-5.893608,-4.443437,0.19981049,0.98255724,0.24920367,0.0004667793,-0.00073584495,0.0005557138,0
2.2478476,-1.7924366,0.08035668,1.1950806,0.032715432,1.28471e-05,0.0018846338,0.00042492704,0
-3.4559927,0.3272489,0.23087761,0.72934204,0.14280906,-0.00025409623,-0.00015622692,0.00047419916,0
-1.9086711,-1.6951814,0.34968597,0.8596464,0.29412216,0.00018742535,0.0011841103,0.000547624,0
7.589783,-2.980779,0.11036657,0.8980535,0.053214315,-0.00024515422,0.0010446785,0.0006693547,0
0.45422217,-0.87805635,0.15054716,1.5594047,-0.032583278,0.00046927918,0.0048667197,0.0005256751,0
-0.034545265,3.0919795,0.2875839,0.8776033,-0.0026555134,-0.00016446949,0.0018181299,0.0005666628,0
-4.049777,-1.3655968,0.09221969,0.8404801,0.105101705,-4.6696412e-05,0.0003983481,0.00033726884,0
0.5609706,-0.13281997,0.14168327,1.1243943,0.068029486,-6.297363e-05,-0.0019525251,0.00068055745,0
-1.8998181,-0.2902803,0.2808672,2.611622,-0.074448645,0.00018996545,-0.00041510456,0.00044612098,0
-2.160636,-3.3769648,0.19669668,0.6101989,0.14468075,0.00011100059,0.0018448699,0.00045338113,0
-1.1016119,0.8626917,0.10687595,1.0568038,-0.035961352,-7.8113764e-05,-0.0032196764,0.00063393265,0
-2.0596163,3.4901283,0.2855034,0.6856001,-0.058841124,0.0006121006,0.0045018517,0.00049684814,0
0.77211934,-1.8925393,0.23458822,0.91312724,-0.15323538,-0.00016431116,0.0010421855,0.00038689328,0
-0.2018324,-3.223983,0.13741168,1.5412661,0.074748054,9.806712e-05,0.0027579279,0.00054806087,0
4.3396897,-1.3795778,0.16562921,0.6795563,0.0071019283,0.00029295398,0.0035999748,0.0005960305,0
-5.3825755,3.2494357,0.05291851,1.5592469,0.013221547,0.00024050666,-0.0016648967,0.00061711675,0
-4.394924,-2.0053647,0.12015243,0.49828607,0.059452757,0.00046121783,0.0063338103,0.0005097156,0
3.3500438,0.69628394,0.23991066,1.0631405,0.069507696,0.00020749574,-0.00015691946,0.00049225055,0
-0.17529036,2.47921,0.114717424,1.1793832,0.24120055,0.00033281202,0.003698358,0.0005024432,0
0.96299267,3.0067084,0.32482043,0.41935885,-0.08154413,0.00036188881,0.0004462213,0.00043282792,0
-3.762483,-1.6650501,0.08781046,2.0364377,0.047756396,8.840989e-05,0.0021761532,0.0005962345,0
2.8376644,3.2208657,0.14953236,1.0808532,0.12690316,-5.4778125e-06,0.0009897867,0.0005398764,0
2.3555553,-5.333043,0.25717965,1.1065104,0.12074577,0.00025538635,0.00421583,0.00063534535,0
4.039715,4.331011,0.22331032,1.212874,0.1372817,0.0002464162,0.00038186752,0.00054048235,0
-0.1052894,-2.5617988,0.30323687,1.2220798,0.25487083,-0.00022509845,-0.000113557544,0.0005032639,0
3.4121432,1.1984081,0.22483782,0.7490945,-0.06569414,0.00016450093,-0.001728212,0.00044681222,0
1.502752,-2.9469728,0.32842848,1.6895745,-0.107142,-8.647425e-05,-0.0035715546,0.00042174087,0
2.2991655,-1.2416848,0.23686378,0.5910663,0.12979752,-1.1021845e-05,0.0010243393,0.0004907125,0
-3.8146455,-3.459253,0.27742356,1.3595968,0.1550049,0.00016493164,0.0012859813,0.00032739894,0
-0.81110007,-0.08215296,0.3562486,1.4747827,0.20360611,0.00021950754,-0.00042260645,0.0005117124,0
0.7086709,-2.8174667,0.16924901,1.1176932,0.21056198,-0.0003161481,0.003411637,0.00040632047,0
-4.1162376,3.5398264,0.25855184,1.7018075,0.1300702,0.000511969,0.0021174478,0.00048435226,0
1.0287791,3.7304075,0.13764997,0.93924457,0.019103998,-0.00032091656,0.0012761569,0.00031138712,0
0.15917794,2.5958693,0.16184989,1.8708464,-0.09605009,0.00033825214,0.002350274,0.00032839668,0
8.132383,-0.19123586,0.12980127,0.6371651,0.027998198,7.4518626e-05,0.001205291,0.00047022037,0
1.899676,-1.1628895,0.04520287,1.1402555,-0.18674776,0.00017075412,-0.0009586005,0.00051633606,0
3.942225,-2.846246,0.2849005,1.0266442,0.22531947,2.6969477e-05,-0.000680986,0.00056872383,0
-1.3073692,-2.5243485,0.16177282,1.1821574,0.18421802,-0.00028681755,0.0010461613,0.0005624904,0
0.58034575,3.9295955,0.19405237,1.1261795,0.109232955,0.000119862765,0.00021918252,0.0005516144,0
-1.9575849,-1.8335315,0.15776047,1.7412276,-0.27210164,0.00017911977,0.0010685436,0.00033191295,0
0.9291803,1.427256,0.24717113,0.13926877,0.18663894,-4.7547343e-05,0.0023731354,0.0005741074,0
-2.6300912,1.9813799,0.16916054,0.37144914,0.1667742,-5.5008994e-05,-0.00070898695,0.0004596934,0
0.8167102,-0.17181124,0.24384536,0.66420424,-0.024238637,7.6800585e-05,0.004795775,0.00048861874,0
3.2556667,0.1156655,0.1613073,1.1013103,0.03315803,0.00022072915,0.0037492225,0.0005359681,0
3.561233,-2.8943691,0.16682956,0.910279,0.08144446,2.8208324e-05,0.0024595459,0.00040689984,0
0.12909292,2.0605738,0.03477578,2.0486524,0.021684812,-0.00030500797,0.0013161878,0.00050334434,0
-0.24568313,2.9735734,0.2597956,1.3191504,0.09501556,7.912831e-05,0.004550982,0.0003520804,0
0.41895503,0.19507389,0.26506242,0.86245847,-0.12436726,0.0001313646,0.001562461,0.00064895995,0
-3.8110862,3.4640813,0.38939315,1.048894,-0.07909422,1.8605127e-05,0.0010280099,0.0005563788,0
-1.7741842,4.6655955,0.110837415,0.50431794,0.16067104,-0.0003549242,0.0005917405,0.0008117681,0
-0.03613066,-3.362303,0.19540821,1.1796796,0.06606499,0.0002324526,-0.0010782223,0.0006687548,0
0.73534286,2.1803823,0.14974804,1.7145529,0.024294758,0.0001555105,-0.0008662121,0.00040030683,0
2.064616,-1.3308204,0.13169415,0.9427267,0.11989531,-2.5807572e-05,0.00076469016,0.0005015028,0
-5.7520466,-4.413379,0.22690223,0.90518826,0.15567249,0.00029336143,0.0024383373,0.0006819772,0
-0.24926798,1.9466457,0.15324792,2.180948,0.24836336,0.000102376085,0.0017731724,0.00063592975,0
-0.44141853,-1.9698722,0.2699192,1.2313757,0.06829944,-6.685427e-05,-0.0024353443,0.00052361423,0
2.7148862,-0.67742026,0.31491438,0.9184335,-0.055470444,8.655394e-05,0.00083481485,0.0005769969,0
-2.3248885,4.104283,0.35735336,1.1843424,0.17497104,-0.000111299414,0.003150443,0.00060472765,0
2.5903118,-0.04668927,-0.036339916,0.9433091,-0.012591601,-9.565099e-05,0.001244486,0.00045810366,0
-2.473836,-3.1764004,0.14275897,1.6485997,-0.016102506,-2.9877413e-06,8.660477e-05,0.00053389935,0
1.3687484,-9.133969,0.28173083,1.7745472,-0.055018652,-9.445965e-05,9.949323e-05,0.0004243996,0
0.67178065,-5.839576,0.11056579,1.8156788,-0.042821996,0.00034868566,0.0017106764,0.00031907324,0
1.9059876,-0.3530019,0.16356264,1.2979828,0.09746335,0.00024151837,0.0033565057,0.0005408136,0
-4.126902,-1.4209363,0.43544388,1.4897964,0.28692874,0.00037908682,0.0014836042,0.0005301407,0
-0.10974012,-5.2134137,0.20144378,1.6842698,-0.0099639995,0.0001823906,0.0027031822,0.00040903196,0
-1.3539085,-3.0537345,0.13422675,0.68495786,-0.040044848,0.00038389114,-0.00083095406,0.00051264593,0
-1.5086063,3.5365977,0.304893,1.545628,0.08061346,5.378809e-05,-0.0013837494,0.0006943529,0
-2.279019,1.990939,0.28476524,0.9778878,0.15380125,0.00025284264,0.0044559278,0.00045306535,0
-3.857592,-1.5164692,0.21670829,1.2232851,0.010656211,-0.0002818395,0.001940966,0.00069723447,0
1.3927537,1.8274065,0.24579562,1.3588187,0.1431666,0.00017907473,0.00037464566,0.0004204011,0
-0.74692094,0.9423885,0.17471336,1.3257354,0.093915015,0.00026663588,0.00356559,0.0005078007,0
-3.9233296,-1.0353123,0.203525,0.4656925,0.18886645,0.00012847559,0.0017627056,0.00063655264,0
-1.8904285,1.7221258,0.19121087,1.1263653,-0.02721924,0.00043312064,0.00024899992,0.0005699464,0
-5.625022,3.5399656,0.2841769,1.2389736,0.027305754,0.00018,0.0055775815,0.00032367633,0
2.3460822,-2.7348518,0.19840653,1.100848,0.0071681743,9.7906974e-05,-0.0012683423,0.00060291804,0
-5.3824306,1.6192936,0.17387713,0.73163,0.07023834,-0.00021139022,0.0010794277,0.0003577123,0
1.3838162,-2.773072,0.16392048,1.3175797,-0.02725421,8.84072e-05,-0.002027661,0.0005630876,0
5.2947416,8.376627,0.20729345,1.5152817,-0.12806256,0.00040054685,0.002552457,0.00045160667,0
3.7115424,-0.7634282,0.16335799,1.390134,-0.05633545,0.00030432496,-0.0011119796,0.0003949945,0
-2.7290695,2.2785,0.15065797,0.6608017,-0.010568,9.359152e-05,-0.001361945,0.0003848319,0
6.333889,-2.5816963,0.1741566,1.0531052,0.007864319,0.00022426934,0.0028962858,0.00046940456,0
-3.7094347,3.8233206,0.19237271,1.8921287,-0.1745586,0.00013908064,0.0048372126,0.0004646736,0
-0.6764803,0.88653505,0.15529634,1.0751712,0.01621849,-2.5484147e-05,0.0034577132,0.0005461078,0
0.7518847,2.425713,0.17885153,0.89031845,-0.010262431,0.00010035661,-0.0011184234,0.0004499739,0
-1.54835,6.3736687,-0.021905195,1.1281521,0.22256938,0.00012436889,0.002506835,0.00050998264,0
-2.002,-6.7257476,0.21643646,0.88975734,-0.03003354,2.025488e-07,0.0044897227,0.00074048375,0
0.6516238,-1.3943017,0.105821885,1.387416,0.22829056,5.0531922e-05,-0.003757992,0.00056700496,0
2.9561992,-4.757537,0.21411873,1.3804904,0.04268927,-5.8154183e-05,0.0030318745,0.00045966203,0
-4.4555583,-6.1484237,0.30086797,1.4466656,0.058797356,1.1945072e-05,-5.799683e-05,0.00039242633,0
-1.294367,-6.3602614,0.1411149,1.075625,0.110988006,9.201471e-05,0.0025898463,0.0006349135,0
3.1745102,1.4115295,0.20094901,0.8076848,0.1239944,0.00043594948,0.0016842121,0.00069172593,0
-4.576715,-3.46249,0.2684161,1.305716,0.18137822,9.690567e-05,-0.00073595083,0.00047864066,0
-4.598052,-3.385772,0.27779552,1.549115,0.086300425,-0.0002442155,0.00028319284,0.00037750002,0
3.5295997,-1.7511663,0.11314018,1.2119185,-0.0140154455,0.00039674877,-0.0004696218,0.00036007716,0
-6.4587407,-0.092359506,0.15504558,0.6284382,0.16892265,0.00023344903,0.0009435642,0.0006364326,0
1.9876081,-2.4685676,0.11686239,1.5271926,0.0896367,0.00013394955,-0.0006929956,0.0005607948,0
-2.2664967,-0.30595997,0.31575555,0.9356663,-0.107298926,-0.00011050944,0.0029885976,0.0005254731,0
-0.38663214,-1.5272814,0.2388288,0.86035806,0.080566555,-4.6250912e-05,-0.00079531875,0.00043625126,0
-1.1262224,-0.1464895,0.21883646,-0.27534613,-0.030765057,2.1686004e-05,0.004010124,0.00039199973,0
0.48838985,4.4850907,0.094962515,1.3575901,-0.030227184,-9.2674844e-07,-0.00060622167,0.00042681428,0
8.165736,2.5333676,0.28813902,1.3967974,-0.11062568,0.0001789916,0.0031458593,0.00041466005,0
2.8959801,2.1130087,0.34816322,1.0328867,-0.0597611,2.7674378e-05,0.003871142,0.0003171594,0
-6.2051272,0.26818582,0.16459286,1.2030911,0.14453118,-1.0513869e-05,-0.0027460116,0.00070444815,0
-2.991685,-3.1771114,0.2882976,1.0462043,0.043661013,0.00019655803,0.0031671661,0.00046665393,0
4.559856,-6.4073997,0.260783,0.86418897,0.18722713,0.0001284089,-0.00034581067,0.0005662841,0
2.679565,1.9256824,0.1176243,1.0063932,0.049592715,9.174807e-05,0.002499491,0.00029850987,0
1.0029812,-0.86994404,0.13291995,0.9030053,0.028546233,-0.000620217,-0.00040257914,0.0004124185,0
1.5983496,-2.41658,0.18279089,1.8169106,0.14943515,0.0002804543,2.5513918e-07,0.00055430323,0
-0.7016934,-0.5882796,0.23277482,0.96120256,0.1993003,6.7973975e-05,0.002236721,0.00064556004,0
3.0949614,-4.2267575,0.23559166,1.5402877,0.13918631,-0.00012265897,-0.00031407046,0.00059945585,0
-2.2852812,-0.89908814,0.32607007,1.1808803,-0.022677414,-7.552347e-05,0.0016654386,0.0003666852,0
-0.7420079,0.9996916,0.30393198,1.4670192,-0.021406513,0.00033568387,0.00040096993,0.0003764297,0
-0.51612407,4.3145075,0.21321921,1.2050087,0.21372117,-0.00018627098,-0.0015711982,0.00033841535,0
1.1179446,0.49947938,0.32341892,1.29739,0.009584284,0.00010035897,0.0012354149,0.00033282387,0
8.130995,1.5596131,0.21680066,1.4460655,0.120941095,7.1889306e-05,-0.00026248227,0.00055994507,0
1.1571325,-2.4296703,0.31352285,1.3173409,0.122981936,0.00037838417,0.0010437777,0.0005316952,0
2.4300816,-2.1745832,0.20432413,1.2502195,-0.045605857,0.00056352734,-0.0018145869,0.0003701896,0
3.9426796,2.1397986,0.11792281,1.4429156,0.19678505,9.394739e-05,0.006197646,0.00032759382,0
2.0814703,3.499585,0.2713075,1.1182578,0.020955851,0.00018882903,0.002631509,0.00056024734,0
3.1201737,-3.0566099,0.18177833,0.8239936,0.011388723,0.0003030442,0.0012159678,0.00076068594,0
0.5802191,0.17907564,0.20849463,0.94487655,0.04421634,0.0003255576,0.0012279414,0.00042065402,0
-2.7752538,-1.3506057,0.20590907,1.6774346,-0.08404887,3.6034744e-05,0.00128862,0.00031662942,0
-2.500795,-2.0396657,0.13632236,1.2767558,0.03394404,-1.1057221e-05,0.0018559253,0.00067230745,0
4.9177694,-5.7683153,0.24616577,1.1287907,0.06551553,2.0343394e-05,0.0012351773,0.00051514077,0
-1.7368553,-2.6891026,0.16410434,1.2937037,0.10989963,0.00027066979,1.16199535e-05,0.00052838447,0
2.8875077,3.4967847,0.19529337,1.1116273,0.06911242,-0.0001299415,0.000612781,0.0005744586,0
1.9258413,-0.8108028,0.21741745,0.87013984,0.12034921,8.443571e-05,0.0004480971,0.00046382763,0
-0.1886816,-1.3436329,0.25265145,1.0418866,0.2092964,0.0003930421,-0.000783087,0.00050697045,0
-1.9519699,-0.9799427,0.3601942,1.0769714,0.0860226,0.00020826426,-0.0010012587,0.00041449047,0
-3.618067,-2.6579123,-0.02800241,1.417833,0.25541937,0.00012956414,-0.0018325377,0.00043572235,0
-1.3766305,-3.0527544,0.26881462,1.524104,-0.06554518,0.0002450162,0.0040536253,0.00069025584,0
8.595636,-2.705978,0.42593762,1.0583174,-0.009246546,0.00016541447,-0.00016412267,0.0005399044,0
-3.9602315,-0.7162578,0.30284658,1.1771755,0.06415958,0.00019505172,0.0033413232,0.00033447752,0
1.7535721,-0.80441743,0.21333103,1.62398,-0.06941867,-0.00010252889,-0.0028708598,0.0004450841,0
3.991297,-0.36176157,0.09279001,1.0057285,-0.09878617,-0.00012503722,0.0017776379,0.00038261266,0
3.337903,-0.21336088,0.20684758,1.0886508,0.12728478,0.000256632,0.0016701088,0.0005564789,0
-0.63626903,1.626609,0.17296977,1.2008927,0.022535626,8.556292e-06,-0.0003782236,0.000546769,0
3.9318178,3.513306,0.09947477,1.7156812,0.01818415,0.0002201466,-0.0008124307,0.000514198,0
0.94116956,-4.4538145,0.24866137,1.738374,0.032535207,0.00037203362,0.000620613,0.00058495847,0
-6.6557097,7.2563334,0.31963667,1.0861498,-0.1472089,0.00015760567,-0.001887851,0.00054448535,0
1.2346971,-2.8242095,0.28967735,1.5222299,0.14758234,0.00010177154,-0.0018310482,0.0005977872,0
-0.8111142,-4.1693406,0.30816314,2.039763,0.045875188,0.00053182425,0.0011826295,0.00046195442,0
-1.8913753,4.9112473,0.13758849,1.4941077,-0.0059163836,7.938647e-06,0.0030604994,0.00046199633,0
-1.2143861,3.3984141,0.32779178,1.457876,-0.015476977,-2.1217e-06,0.0011598305,0.000532093,0
-2.9635978,2.1691139,0.20684107,0.5137167,-0.04289265,-8.2573473e-07,0.0008542846,0.0006889279,0
0.7145139,-2.5223157,0.21765046,1.0591649,0.082475826,0.00021611353,0.0034184612,0.00049757137,0
4.9168816,2.724068,0.14340484,2.0839422,0.08269945,-6.70249e-05,0.004305826,0.00070777774,0
-0.099075794,-1.5109508,0.18621,1.4858927,0.17778566,0.00021409747,0.0012034464,0.00064980116,0
-0.9385094,3.092758,0.17695497,1.3724092,0.038643744,8.882956e-05,0.00024522695,0.0006344854,0
-2.1987782,-2.2206967,0.36967948,1.5911391,-0.18851137,-1.3051748e-05,-0.0026239788,0.00040493094,0
-9.415544,-0.41096872,0.10864466,1.2239621,-0.11251213,0.00011658237,0.00017016745,0.0006501953,0
4.234071,2.356037,0.17387089,1.9941522,-0.105303526,-0.00018071172,0.0008324338,0.00072540384,0
-0.60701674,-0.5497357,0.08464717,1.5783719,0.14531763,0.00025781503,-0.00025844135,0.00042932932,0
-3.8793666,0.2516175,0.11356741,0.7290334,0.0076309284,2.168765e-06,-7.595706e-05,0.00054664444,0
0.23714341,-0.8644681,0.21464103,0.8033892,0.06052786,0.0001301205,-0.0020060937,0.00059956935,0
-2.6443012,0.2709294,0.29315293,1.5702707,0.05343334,2.75002e-05,0.002895024,0.0005674695,0
-1.855095,-2.384681,0.034211587,1.2616128,0.041730225,0.0003272383,0.0017181102,0.0006334229,0
-2.0920928,3.414451,0.1576867,1.5110384,-0.09587584,0.00014702707,-0.0029693758,0.00047328626,0
1.321062,-1.5629057,0.11596499,1.5384474,0.039653722,2.0858706e-06,0.0010837918,0.00076366693,0
3.4605086,3.487721,0.2348437,1.266594,-0.18960823,-3.579607e-05,3.8851173e-05,0.0003125108,0
-3.4722474,-5.9425097,0.19693409,1.5275064,0.16067745,0.0001829569,-0.0009267927,0.0003067935,0
-5.270606,-3.8069477,0.12889123,1.1361006,-0.051416423,0.00016779518,0.000535453,0.0005010546,0
3.4207516,-3.5406952,0.23349637,1.1944107,0.016651371,0.00027705127,0.0027580282,0.00040535093,0
-0.5464817,0.843635,0.17815946,1.4340085,0.0781192,0.00046651225,-0.0020605582,0.0004877564,0
-2.7255075,1.8123224,0.07062625,1.338525,-0.013004843,-4.6832374e-05,-0.0018929964,0.0004534924,0
3.2535017,-0.07556605,0.25021443,1.8658568,0.07637556,-1.1759915e-05,0.0019345045,0.0004455704,0
-1.513268,-4.5596786,0.2741006,1.045599,0.06820983,-0.00010719238,0.0018718953,0.00042380588,0
-0.42512617,2.6334782,0.26326075,1.191188,-0.1268131,0.00069856213,0.004491718,0.00057226745,0
-2.2596114,-0.34077647,0.15652637,1.7055423,0.07625029,-5.683277e-05,5.84898e-05,0.0006121188,0
4.8002934,4.584995,0.26056257,1.09895,-0.27415138,0.000159432,0.0009963425,0.0005139982,0
0.16169204,-3.9787865,0.24459268,1.4528866,0.11823388,0.0002893154,0.0022081032,0.00045899706,0
-0.21251054,0.2733746,0.20861596,1.599287,0.114366874,0.0005154687,0.005412938,0.000507965,0
-11.509967,3.7104974,0.15676989,0.87940645,0.010155473,1.0671391e-05,0.0022245396,0.00034405643,0
-3.2331622,1.0294757,0.24983552,1.4566166,-0.028703628,-9.565313e-05,-1.3269668e-05,0.0005239873,0
4.4564323,-6.1423116,0.1823417,0.66692865,-0.115224265,0.00029339132,0.0020892492,0.0005449433,0
2.7630775,-1.4391567,0.165389,2.0742922,0.025342895,0.00024702642,0.0010127631,0.00031517414,0
-6.133887,-1.7369527,0.2844881,1.5153166,0.14140771,-9.740923e-05,0.004231745,0.00040351067,0
0.6384732,-0.03105687,0.1860901,1.7354368,-0.020511052,-0.00016992106,0.0010399909,0.00046001733,0
10.132149,2.0295224,0.16725275,0.77755535,-0.13802885,-0.000105043815,0.0012298835,0.0006427329,0
3.3650675,0.68728447,0.1741466,1.3075249,-0.0018637998,0.0004436728,0.00062161963,0.0004913662,0
-6.647467,-0.58630455,0.26691872,0.77291095,-0.025072033,0.0002585422,-0.0019533145,0.0006057801,0
-1.5964316,-1.1657046,0.11008973,1.3512185,0.2959872,0.00025629945,-0.0007285705,0.00061356206,0
-0.9500386,4.123455,0.26453412,0.022743374,-0.050407965,0.00028887705,0.0013033146,0.00039762442,0
-1.9007685,-5.71871,0.19293013,2.084276,0.13049334,0.0005380834,0.0027647943,0.00060274795,0
5.922236,1.1317898,0.18502182,1.613063,0.19538403,4.0070713e-06,-0.00044313815,0.0005138856,0
2.4944966,2.394273,0.08606659,1.9646424,-0.014116493,4.6987e-05,-0.0008053087,0.00076983287,0
0.726212,-2.5529253,0.2691139,1.5076543,0.031227298,0.00026812134,-0.00065058394,0.00045070818,0
-6.03065,-3.9718533,0.34461045,1.8565714,0.056578863,0.0004325863,0.00067985104,0.00047565898,0
0.16953194,-0.3747648,0.18278429,1.6573592,0.065013565,0.00024249635,0.0030627612,0.0005388186,0
-2.910814,-4.0585976,0.21190245,1.1314975,0.058739144,9.678919e-05,0.0061671473,0.0003669774,0
-5.9698386,0.9971305,0.1698862,1.3264271,0.108388305,0.00035682094,-0.0020144517,0.0004443282,0
1.2862837,2.3113909,0.37547597,1.5822816,0.044321142,-7.808715e-05,-0.0001285797,0.00044072972,0
1.9657009,0.77099234,0.09410804,1.0256394,0.13775475,0.00017033247,0.0021372891,0.00053829217,0
4.879292,0.70812917,0.16911818,0.833698,0.07496095,-0.0003881408,0.000631422,0.00047941602,0
-4.0934124,-2.7847974,0.2647726,1.2922847,0.060178835,0.0001612695,0.0011852551,0.00062428624,0
0.37028754,-4.3746395,0.3304104,1.3481361,-0.008925373,-0.00015068034,0.0017918284,0.0004882828,0
4.7224402,-1.0377219,0.13300954,1.5583185,0.14252819,0.00013373027,0.002352714,0.0004962313,0
0.7015953,3.4949727,0.25002548,1.1322902,0.18523626,-0.0003729711,0.0051041464,0.00032940408,0
-1.8812785,-0.12275261,0.18828155,1.6025645,-0.055783663,0.00015215337,-0.0001564242,0.0005295141,0
-0.19431677,0.27880695,0.15600601,0.9959744,0.07872725,0.0002887431,-0.00019655867,0.00041312326,0
1.8403805,-0.09751168,0.26643986,0.8376811,-0.12794389,-6.6008165e-06,-0.0005327052,0.00049212115,0
-1.9105357,2.2230508,0.17694798,1.2601898,0.06576346,0.00013899102,0.00095174176,0.0005510601,0
-2.3869655,4.1982536,0.181077,0.67538035,0.06880733,-7.02361e-05,0.002330669,0.00072096055,0
-2.3597162,0.997117,0.059559554,1.3815621,-0.03857138,-2.4966923e-05,-0.001202573,0.00057321513,0
3.021913,0.07015564,0.13084586,1.8358092,-0.025041012,-0.00033240646,0.001916778,0.00038952252,0
2.9658263,-1.1434131,0.24829707,1.7606001,-0.07088589,-1.3187426e-05,0.00084865786,0.00065375515,0
-1.9751482,-1.783511,0.23825124,0.9691085,0.06525259,-0.00021030748,0.0054286597,0.0003652291,0
-0.9652581,-0.09744311,0.35301507,0.6700617,0.24837041,0.00025143535,0.0018341907,0.00040153664,0
1.7134237,-2.17046,0.3013329,0.8115752,0.038684152,-1.1054618e-05,-0.0009750459,0.00057413196,0
1.6063763,3.6270306,0.05760999,1.6256683,0.3005449,9.671782e-06,0.0047902972,0.00047368387,0
-4.117229,-0.91689736,0.28385633,0.8647294,-0.010033865,0.0002187079,0.0010061202,0.0005584623,0
0.71348864,1.4388759,0.1654159,1.2926924,-0.0427373,0.00035768672,-0.00026854943,0.00061288476,0
-0.70082086,0.605997,0.16040283,0.7936018,-0.12447604,-0.00011106483,0.00035218228,0.0005211879,0
3.031138,-1.3372724,0.12944314,0.6229141,0.09800636,0.0003766389,0.0035326604,0.0005709933,0
1.91563,5.092871,0.22656652,1.4584519,0.017921614,-0.00017240868,-0.0003676978,0.00049908407,0
0.18235612,5.7788577,0.20650217,1.6715374,0.0064922757,3.7664824e-05,-0.0016580153,0.0004257672,0
1.5809442,0.022680542,0.2754351,1.2725016,0.014754627,0.0005296594,0.00081219285,0.0006163001,0
-1.2036276,2.1287985,0.27424124,1.2833968,-0.18544829,0.00010365049,0.0034609202,0.0005527481,0
1.3375167,-5.166771,0.1423636,1.3645431,0.09103833,0.00034293334,0.00071026647,0.0005405824,0
0.049122725,-2.9608283,0.019536693,1.3724039,0.06739472,-2.3635008e-05,-0.002238346,0.00056297396,0
-0.79776025,1.6706241,0.3491239,0.34342766,-0.019960081,5.812488e-05,0.003909652,0.0003363597,0
5.807583,0.4075677,0.19231994,1.120776,0.006373697,0.00030962334,-0.0011370415,0.00053454144,0
-1.152545,-2.2864003,0.40687802,1.3676203,0.11132655,0.00032755535,-0.0018427,0.0006752292,0
-7.5268717,-2.3062992,0.16327746,1.4326893,0.071871825,6.6637054e-05,0.00097600534,0.0004021977,0
-4.4916973,2.179535,0.2554965,1.8337977,-0.02900171,0.00023856304,0.00043258653,0.0006190475,0
3.0658884,0.6336282,0.17283759,1.5843729,0.11469045,-3.688808e-05,-0.0016555974,0.00047114672,0
4.5462413,3.4394615,0.1110138,0.73289704,0.17746839,-0.00012712718,0.0020185907,0.0004383929,0
4.851135,-2.3112743,0.29146892,1.2739434,0.07521948,-0.00029406173,-0.0034058266,0.0004779434,0
0.7407182,-3.3755934,0.11290453,1.424589,0.106285445,7.245179e-05,0.0025604034,0.00038257978,0
-1.0678047,4.9436326,0.20546576,1.250525,0.28059465,-0.00017986844,0.0025928607,0.0006663986,0
-0.9745738,2.5788925,0.12143844,0.92530704,0.08849664,0.00025971333,0.003241873,0.00065696286,0
-0.20233968,3.5808353,0.17261562,1.5608366,0.07074888,0.00018913558,0.0018470157,0.0003395295,0
-3.3723655,0.3076243,0.06501767,1.5324844,0.13715559,0.00016543412,-0.001242268,0.0006380139,0
6.111632,0.44123048,0.24084283,1.2806954,0.10303692,7.608825e-05,0.0009308715,0.0005905718,0
7.0368724,-4.200214,0.191695,0.7278158,0.20920248,-1.7547594e-05,-0.0018864016,0.0005638187,0
5.2329335,1.9907936,0.21638383,1.3636564,0.19148406,-7.483985e-05,0.0007763058,0.000454731,0
-3.5035958,-0.9851258,0.2886177,1.4266409,0.11443105,0.00012929512,0.0020466475,0.00041994097,0
-0.9285297,0.57601273,0.22220127,1.3280752,0.03616647,2.451532e-05,0.0073155425,0.0005906787,0
1.2394425,-0.6996255,0.16390249,1.1476798,0.07928289,-0.0002760871,-0.0021387793,0.00043631176,0
0.6214183,-0.71781945,0.3182497,0.6070413,-0.025134547,0.00040401836,0.0012622386,0.0005884843,0
6.153741,-2.0814133,0.19205485,1.0910293,-0.1454593,3.792064e-05,0.0027621244,0.00055405893,0
1.8572495,-1.126527,0.14751223,1.7077023,0.00026828537,0.0001588164,0.0013266694,0.0006461717,0
2.914237,-3.8857758,0.10499575,1.431564,0.043566234,8.965643e-06,0.0030312557,0.0005187459,0
0.15737216,2.339486,0.16999128,1.8274076,-0.028804762,0.00023138581,0.0038676658,0.00036227045,0
-1.0300056,3.4266222,0.29257956,1.1314018,-0.023467109,0.00029118717,0.0033670983,0.00038353365,0
-3.611741,0.67577004,0.25034884,1.0803723,0.117929384,-4.202732e-05,-0.003229387,0.0004576099,0
0.18969645,-0.8275199,0.10731174,0.4737404,-0.0014088805,0.00027953114,0.0035123948,0.00061877136,0
-2.4477286,-3.461119,0.23973078,1.45404,0.09001696,-0.00030281267,-0.00073376915,0.00049703114,0
1.4616545,2.301922,0.21154028,1.3323135,0.058486547,0.00023712388,0.0016257314,0.00050657376,0
-0.8051064,0.24387428,0.23876731,1.3069901,0.08808264,0.00036854437,0.0015303278,0.00043510014,0
2.6508203,-4.098595,0.11348693,1.3343389,0.101639666,-0.00014901024,0.00023436504,0.00043939162,0
-1.460029,2.8307934,0.25652045,1.1923511,-0.004596193,-0.00016992993,0.0038403699,0.0005592114,0
-2.1200073,2.1587985,0.19438212,1.0851562,0.093521155,-4.829965e-05,0.00031248695,0.0005121461,0
-1.4983536,2.0072556,0.34952533,0.89828074,-0.11651253,-0.00030034804,0.0006990637,0.00043368354,0
0.6235815,0.39779302,0.071742654,0.47404647,0.07959332,0.00012708576,0.00014836401,0.00033428564,0
1.4141738,3.8156986,0.2222386,0.86101043,0.054455217,-0.00017322281,0.0031159215,0.0005081844,0
-5.3044705,-0.9020231,0.23706412,1.0667809,0.022410428,-0.00014488044,0.002133082,0.00043515308,0
-6.469336,-1.1137722,0.27849197,1.0452282,0.2237985,0.00018579359,0.0016775164,0.00048716017,0
-0.20485862,-0.7902709,0.17581844,1.4123468,-0.04358312,-0.000115178766,-0.00124639,0.00070456543,0
1.5910287,0.9134766,0.115398824,1.4493369,0.038342867,0.00014283379,-0.0009532406,0.00051602686,0
-1.2715006,-2.2968335,0.2587285,0.5849169,0.106477626,0.00023689722,-0.00075928733,0.00041796715,0
-0.66907704,0.8461086,0.1877716,1.373425,0.22629796,-1.5433538e-06,-0.0024303598,0.0005825924,0
5.049944,1.178305,0.112980105,1.1504431,-0.061852347,0.0002285711,-0.0017025808,0.00046998714,0
-3.0130134,0.38047406,0.17069267,1.2707049,0.052235056,-9.73318e-05,0.002253754,0.00049512344,0
-2.9655871,6.7227798,0.23811442,1.1386958,0.19152045,0.0004683631,0.00070930115,0.00053473975,0
-2.9640086,-0.44157824,0.184075,1.2739308,0.08327605,0.00021196569,0.0014752853,0.00037892573,0
-2.8154013,-1.6392229,0.17742075,1.6203097,-0.066293895,2.851699e-05,0.002906019,0.00047001225,0
1.3812469,-0.41862613,0.22054265,1.108611,0.11670655,-0.00020901128,0.00027337598,0.0005296573,0
1.6010858,4.478858,0.16871803,1.7917928,-0.015902383,0.00036572927,0.0026349341,0.00040865413,0
0.9211177,-0.1537075,0.25004676,1.1106913,0.019275377,0.0003738189,0.0008025582,0.0005826422,0
-0.6760545,4.99999,0.14573322,0.9543426,0.20245172,1.1010722e-05,0.0042021484,0.00058918406,0
-0.4639491,-5.4398804,0.19845453,1.240652,0.16672178,0.00041768944,-0.00036997435,0.00058011815,0
2.2962065,3.2202382,0.2398952,0.42300093,0.034457758,-0.00013114151,0.00059478846,0.0005980004,0
0.9154525,3.4442725,0.22734031,0.6806696,-0.2020847,0.00012976176,0.0005721471,0.00040230542,0
-5.101882,-2.2042296,0.18444069,1.4663512,0.06886311,0.00042161345,-0.0010712082,0.0005881059,0
0.14189623,2.0840073,0.1650788,1.6286721,0.079522476,-3.5888996e-05,0.00097595196,0.00047604443,0
1.467535,-3.5393302,0.19765186,1.358123,0.05330233,0.00036938826,0.0025480455,0.00049925194,0
0.65006727,0.8869966,0.23226397,0.4697368,0.01984737,-0.00019688782,0.003556562,0.00049391505,0
-0.5800229,2.690392,0.23378599,0.7485462,0.042909462,3.2966604e-05,-0.0024890658,0.00043097237,0
-0.550621,-0.3448528,0.08142149,1.6606662,0.039789695,0.00010751061,0.0018012833,0.00042119238,0
1.3690679,-1.101224,0.12827316,1.429379,0.19916739,0.00024496586,0.002845955,0.00044793694,0
-4.792859,4.4704127,0.3643612,1.8171227,0.016421406,-0.00013092687,-0.0011313654,0.00033162674,0
-0.32213587,4.817034,0.18866698,1.3209292,0.1875597,1.9180938e-05,0.005071063,0.00069920946,0
-0.393334,-1.7326028,0.25577906,1.06099,-0.06565552,0.00035624774,0.0034328948,0.00051555113,0
-3.7885942,-3.6885788,0.20857835,1.0000516,0.015890706,0.00030439263,0.0024663587,0.0006378143,0
-2.9718697,-1.0295748,0.26071852,1.3792313,0.20323804,0.00018410734,0.0046962183,0.0005540018,0
3.1865025,-0.9705448,0.20114298,1.5643778,0.21129781,0.0002458474,0.00083365646,0.0006377335,0
-6.575936,-4.2667036,0.25453073,1.2056433,0.110551365,0.000112881506,0.0021418913,0.0004185597,0
1.7114582,2.9832435,0.29764405,2.0054216,0.07440984,0.00015478222,-0.002046345,0.00044685887,0
-0.5792462,3.1509585,0.1511199,1.518536,0.049837828,6.4566375e-05,0.0014977879,0.00046088436,0
-1.2871118,-5.114358,0.18016367,1.0080128,-0.0015980989,0.0001833746,0.002317264,0.00052321947,0
2.9862456,1.7266858,0.1763955,1.0148575,0.08128222,0.00021475343,0.0037956885,0.0006191173,0
-1.624419,-0.30601883,0.25368142,1.627199,0.14389695,8.7224435e-05,-0.0015080454,0.00040010636,0
0.81790054,1.0266768,0.11210565,1.2178278,0.11312243,-0.00013024533,0.0032099944,0.00046224688,0
3.7728393,-1.6003573,0.11786996,1.0167452,0.04048519,2.2304019e-05,0.00056799717,0.0005333965,0
-0.5135381,-0.19833718,0.06326189,1.3566792,0.04107967,0.0004220586,-0.0008791303,0.00031917047,0
1.8542055,1.0395811,0.119325355,0.58810043,0.20373967,0.00038282207,-0.0039749136,0.0004541777,0
4.992576,-1.4281877,0.16075101,1.0868963,-0.062089697,-0.00024095515,0.0031050947,0.0003157063,0
0.7418144,2.6597385,0.0839019,0.83029264,0.17131792,0.00020657835,-0.00023457142,0.0006202249,0
3.6196072,0.80715805,0.12798718,1.0346205,0.07863867,6.228103e-05,0.0028779143,0.00034702258,0
-4.4827905,0.5426133,0.16067645,0.94918054,-0.12680568,0.000103909166,0.00089448976,0.0005653479,0
0.2067184,-0.39781225,0.29416004,0.67501307,0.103638925,-0.00023422943,-0.0006767238,0.0003787343,0
2.3458276,-0.1962307,0.19891974,0.7573068,0.020030651,-5.269306e-05,0.0017669101,0.0004008909,0
3.989383,-5.0267415,0.1354784,1.8708802,0.0064861253,-0.00016297573,0.0014381431,0.00045246078,0
-2.5076108,-3.2876124,0.4214699,1.0993792,-0.14255674,0.00039874195,0.0022221417,0.00042335337,0
-2.7993572,2.0204184,0.18024653,0.42960888,0.228724,1.3201908e-05,0.0039911433,0.0006278435,0
-3.0030286,3.0995696,0.14788459,0.45331976,0.0075401836,0.0001795275,7.45267e-05,0.00046929516,0
3.4306982,0.31948194,0.13253613,1.4808121,0.06976756,-0.00040432095,0.0018567059,0.00053918286,0
0.06036339,2.6751018,0.14620851,1.3346,-0.106695935,0.00018141807,0.0049061193,0.00040051437,0
-2.2794063,-2.1300464,0.21039985,0.7747855,0.09212474,0.000269368,0.0020686944,0.00032315846,0
2.985503,2.8121023,0.2664129,1.349137,0.07201893,0.0003064779,0.004847027,0.00040469595,0
3.2343762,-0.2586513,0.18962616,0.5853877,0.02152106,-9.945299e-05,7.229114e-05,0.00039018138,0
-1.3467251,-1.2183311,0.2077404,0.55410004,-0.09455182,0.00017238286,-0.00059487624,0.000607453,0
0.67580914,1.8202864,0.3128554,1.0761157,-0.0074486705,0.0002743405,0.002019027,0.00048126696,0
4.174374,-0.63673294,0.20262189,1.2084891,-0.04345939,0.000115517076,0.0037935204,0.0005444968,0
0.09319028,-0.48530185,0.22646937,1.4999067,0.11092389,3.3627028e-05,0.0016495632,0.000547994,0
-3.021585,0.5046916,0.027095689,1.3930135,0.11603431,0.00024950923,0.0002099063,0.0005309047,0
4.2718616,4.241309,0.19766618,1.2557279,0.16109112,-0.0002001604,0.0003538485,0.00063355704,0
2.9256017,1.1077913,0.079533406,1.180036,-0.0089915395,0.00016620778,-0.00061869336,0.00039742765,0
-6.194596,3.665414,0.16801836,1.2628583,0.04977619,-0.000113486785,-0.0015181298,0.0003994685,0
-2.1695054,1.0998187,0.13634259,1.8985963,0.1527151,0.0002616719,0.0007606822,0.00065142807,0
-0.6540169,-0.09378424,0.21359797,1.4807292,0.11369081,4.974944e-06,-6.598744e-05,0.0005639903,0
2.1457098,-1.1800534,0.07302495,1.1170735,0.11235258,0.00046108337,-0.0013959159,0.0004573429,0
-1.1682106,4.067416,0.19720468,0.8370694,0.10586953,1.9072297e-05,-0.0014487746,0.00041072266,0
5.202126,1.1526277,0.2086208,1.1000425,0.079214886,0.00015604719,0.0015843377,0.0005114845,0
2.606395,0.069313034,0.12176489,0.95503086,-0.14790186,0.00050536345,0.0027255092,0.00041699296,0
-0.84553456,-1.9106294,0.32340378,0.63204914,0.061447605,7.829443e-05,0.0026536772,0.0004895991,0
-5.2746267,-0.7533535,0.12222702,1.2318318,0.1934177,-0.00024788504,-0.0006004455,0.00044473071,0
-1.1448933,2.220377,0.18611644,1.3663211,-0.012577305,0.00014598487,0.0025555952,0.00042677004,0
2.3440742,0.1571183,0.2836368,1.1194321,0.08812447,9.1878755e-05,0.0008075755,0.00052589306,0
1.6104224,-3.7486947,0.31469068,0.4561348,-0.018481212,8.114619e-05,0.0018247119,0.00065761723,0
-5.5748744,-1.5230824,0.029853322,1.2126487,0.07716836,0.00041815915,0.0012412695,0.0006044025,0
1.7515112,-1.3057446,0.08728314,1.3100009,-0.0992102,0.0003590414,0.0006758758,0.00061951776,0
-1.4406433,0.80655235,0.21674791,1.1819824,0.0067340485,0.0001784912,-0.0008523265,0.00037905647,0
3.7284806,2.181504,0.20527133,1.8660569,0.023223449,0.00036454064,0.0013511481,0.0003975249,0
5.544121,2.9721324,0.19031832,1.4908684,0.009629657,0.00026582982,-0.003782157,0.00039801985,0
2.9377792,-0.74896663,0.21660338,0.66128576,0.2347867,0.00033810592,0.0005986296,0.00045953042,0
3.088813,5.9474115,0.27630082,2.068721,-0.042235132,-6.387736e-05,-0.0013778822,0.0005441761,0
0.52681065,-0.45585337,0.26474068,1.6929314,-0.10256624,-1.9394405e-05,0.0026402872,0.00045322612,0
-2.3946183,3.0556123,0.096839994,1.0793681,0.0828644,-1.4763983e-05,0.0025663113,0.0004431123,0
4.2258587,-0.3772389,0.2537016,1.4984096,-0.012754001,-0.0003106973,0.0017215115,0.00050722883,0
1.6674781,-0.6795824,0.16556579,2.0033891,-0.097235404,0.0002467901,-0.00014920371,0.00046642215,0
-0.9513085,-2.4103029,0.24569793,1.7562574,0.09700137,0.0001206764,-0.000972881,0.00055168255,0
6.469049,-1.1420839,0.16992131,0.97556436,0.0010585765,-0.0004490599,0.0018100708,0.00041544478,0
-4.8307896,2.25957,0.11343858,1.0645324,0.19664423,-0.00018184316,-0.0020651964,0.0005269306,0
3.448462,-4.7230253,0.23261517,1.4323999,-0.15591605,0.00025970026,0.0027532117,0.00046882144,0
3.757039,3.4093666,0.20824943,1.0194218,-0.04728279,9.2487295e-05,0.0021395178,0.00046758231,0
-6.592503,3.8061416,0.21521786,1.0481502,0.13571584,0.0004049277,-0.004603823,0.0005434264,0
-4.2799478,1.4973315,0.21023418,1.4542906,7.523855e-05,-0.00027464802,9.926362e-05,0.0005406848,0
3.046177,-3.5154939,0.28216484,0.9408511,0.086244985,-1.9787906e-06,0.0013643412,0.0005891878,0
-3.6810422,-2.0397177,0.214797,2.1606336,-0.036318973,0.0005080268,0.0050088465,0.00049026887,0
-0.8944576,-2.0761955,0.1945438,0.63731223,0.042376097,0.00039937606,-0.00022217013,0.00047592758,0
-5.103421,1.1221863,0.22115853,1.2254809,0.028317295,4.1448417e-05,0.0020038004,0.00049711834,0
0.9449156,0.6449484,0.2898742,1.4707977,0.06928618,0.00040368442,0.0018405371,0.00063049624,0
1.8208278,-5.5257573,0.3043868,1.2540705,0.044804525,0.00015626967,0.00031003368,0.0005227029,0
-1.7756282,3.8228168,0.19091295,1.0469664,-0.042492583,0.00015375516,0.0013742142,0.00053884246,0
-3.0817556,-4.8035436,0.2500473,1.7938567,-0.05263536,0.00041788825,0.0015678221,0.00049929373,0
-1.1926461,-4.153554,0.27901828,0.88975745,-0.027980668,0.00029838528,-0.0027659668,0.00034764022,0
-0.05440273,0.8798533,0.23877877,1.0792806,0.30303696,5.442149e-05,0.0005384277,0.00042030134,0
0.37172046,1.8448837,0.29628626,0.6042863,0.025400465,0.00018934072,0.002174115,0.00050065486,0
1.6272719,-2.4268916,0.32463244,1.5970513,-0.08449278,-0.00011502061,-0.0010938435,0.000567797,0
-3.8541832,-0.993073,0.23637635,1.1735337,0.07588875,-0.000113160546,0.0021897086,0.0004386788,0
-0.973859,0.7131952,0.20824626,1.209592,-0.025062682,4.009012e-05,0.0010043671,0.00036249147,0
-1.3875989,1.1630397,0.097805075,1.6626327,0.17696133,-0.00014903012,0.0037152392,0.00048564185,0
1.2555437,-1.4899532,0.2738436,1.3624376,-0.031415325,-0.0001330404,-0.0019206048,0.0005187942,0
1.7174143,1.9528971,0.19056152,0.7372014,-0.01820748,0.00033046972,3.074287e-05,0.00051434175,0
-3.2269514,1.0097492,0.16338524,1.6186851,0.12735577,8.5881067e-07,0.0007466719,0.00044488837,0
-4.2583,-2.5723274,0.21585739,1.3301038,0.06485479,3.965339e-05,0.002866133,0.0005063542,0
2.1097615,-5.3213253,-0.11379202,1.3135152,-0.09247656,5.750966e-05,0.00039580592,0.00065874006,0
1.1999897,0.49757707,0.26695928,1.347399,0.004232301,0.00031429518,-0.0012195002,0.0005323247,0
-4.6427093,0.61183155,0.21543917,1.870582,-0.10649739,-2.0177435e-05,0.002645365,0.0005335317,0
0.54091513,-2.868407,0.15273453,1.6980164,0.04484908,0.00017507194,0.0007696233,0.00038169144,0
2.8014312,1.5096972,0.38445094,0.79376745,0.1322573,-0.00016230879,0.0013146931,0.00059765065,0
-6.2164054,-0.6147974,0.15494323,0.9192171,0.088521264,0.00032413713,0.00073344255,0.00052054867,0
0.34292626,0.005410519,0.11285259,1.6433779,0.07951954,0.0001789763,-0.0006130193,0.00045407796,0
-0.52840257,-4.602374,0.06495725,0.9597008,0.10225207,-3.0627478e-05,-0.0010376103,0.00041853145,0
-1.3660272,-1.0615768,0.37324172,1.6218482,0.15247741,0.00033371607,-0.0009976417,0.00037776353,0
-3.3206108,4.0035186,0.15622465,0.6994575,0.00690038,5.2278894e-05,0.0015368266,0.0005250951,0
-2.4845417,2.0569692,0.14886452,1.1374894,0.11867741,-2.836428e-05,-0.00013870285,0.00055916683,0
-2.5731995,-1.154376,0.24445938,2.021637,0.11054045,0.00019452795,0.0020616031,0.00039268096,0
0.34679022,-0.08929946,0.22572677,1.2466033,0.087969966,3.7706563e-05,0.0011172178,0.00037721713,0
-0.95972186,4.1725006,0.22550467,1.1916316,0.23961233,-0.000172167,-0.0012189111,0.0006712711,0
0.13788281,-0.7277491,0.10406365,1.3790785,0.10444599,-0.000118898875,0.00071944884,0.00046644843,0
0.76793146,-3.3577507,0.3001558,1.5663295,0.013682445,5.6716257e-05,0.0007271557,0.00042216913,0
-1.3302883,-0.8108111,0.32902947,1.5786474,0.14346547,0.00017398513,-0.001234654,0.00049585087,0
2.9114654,-3.7747939,0.25092426,2.1290436,0.15618166,0.00038280583,0.0014366775,0.0005967932,0
-2.1535597,2.3875914,0.25235105,1.3159645,0.18160073,-7.7569675e-06,0.000625885,0.0005095462,0
-3.0888329,0.68079585,0.06248557,1.6187818,0.054663736,-4.1785806e-06,-0.00066874723,0.0004765421,0
2.064779,1.643217,0.14355697,0.8615841,0.11568987,-4.446948e-05,0.0011198196,0.00051237544,0
0.9361864,2.5748112,0.09896296,0.43553627,-0.006744728,0.0004603057,0.005044348,0.0006831177,0
-0.5789441,-5.3463454,0.012556872,0.95438474,0.030192638,0.0003601251,0.0027356108,0.00052274053,0
-2.6695342,-2.8823388,0.22033021,1.4788204,0.08918813,-0.00010691959,0.0023013353,0.0005425911,0
-3.2119992,-2.352963,0.2550797,1.106197,0.20891473,0.00020022586,2.6737624e-05,0.00049897947,0
0.19015017,-2.185171,0.12699294,1.480556,0.13452733,0.0002207563,0.004030636,0.0004458227,0
5.0228124,-2.7027633,0.118985154,0.49601644,0.0054204687,-7.4446734e-07,0.0020518745,0.0005243891,0
-3.5789201,-1.1781787,0.17028303,0.4896071,-0.04809467,-5.4162727e-05,0.00386725,0.00051914505,0
1.9865062,-4.4959064,0.29553714,1.7204409,-0.1498345,-4.1063344e-05,0.001991531,0.0005644389,0
-2.035484,-0.91649836,0.15220952,1.2441672,0.16971785,-5.420843e-05,0.003001641,0.00042183278,0
-2.5428817,2.4557838,0.27375492,1.540564,-0.08157974,6.8098043e-06,0.002645977,0.0005041542,0
-3.2210786,1.3749539,0.14281543,1.91781,0.20448415,0.00022081948,0.0037220134,0.0005064791,0
2.2963126,4.433161,0.2196399,1.0979252,-0.120462194,8.337329e-05,0.0026468465,0.0005945633,0
1.5130951,-1.6238973,0.041854274,1.0019139,0.019565513,3.7414207e-05,0.0022371127,0.00069856766,0
0.37058762,-0.65019536,0.17926225,1.249754,-0.032829378,0.00012403971,0.0019016247,0.00052096864,0
1.3726258,1.3012428,0.058248267,1.454748,-0.017101485,-0.00011916783,-0.0012089036,0.00054335414,0
-0.6677248,-5.0459065,0.23824303,0.6241568,0.06398214,0.00014769979,0.0027711543,0.0006781685,0
-4.094029,-0.15742157,0.17789318,1.3734999,0.07156688,2.9490751e-05,0.000118195625,0.0003883549,0
2.9635847,1.3776126,0.27342147,1.0758415,-0.015683547,-0.00011566302,0.0017178352,0.00039602068,0
5.545989,-3.9229279,0.2218928,1.8267419,0.109908976,0.00013513475,-0.0009369673,0.00036182307,0
2.3101504,4.5184417,0.164892,0.7443754,-0.19581695,-9.6152966e-05,0.0007726863,0.0006599123,0
2.019401,0.9152562,0.16799043,0.9667337,0.19056477,0.0001401477,-0.0032052014,0.00043264605,0
-2.5746481,-1.638792,0.24503285,1.157022,0.04231346,0.00036269464,-0.00039292217,0.00068641995,0
-2.0139227,0.26759458,0.1775037,1.2493676,0.0944592,0.00018676705,-0.00050623465,0.00038770854,0
7.5095153,-1.451953,0.25593698,0.5569435,0.022038728,7.456012e-05,0.0019456302,0.00022775459,0
0.49842185,-3.4492245,0.22594766,0.78546834,-0.03554827,4.527448e-05,-0.0011046589,0.00045244655,0
-3.5801272,-5.4995112,0.28143656,0.68158054,0.03213191,0.00025057822,-0.0002298882,0.00041748342,0
0.6787143,3.3538015,0.10645478,1.1399409,-0.12324946,2.13598e-05,0.0010684094,0.00041453753,0
-1.3709755,-4.2246804,0.20616628,1.6222777,-0.059714388,-2.4534353e-05,0.0020050926,0.0006212091,0
-4.4795694,-0.5063542,0.22265047,1.1591774,-0.1976792,0.000200218,0.004038673,0.0005116662,0
-3.0933182,-1.5393817,0.34159306,1.563985,0.11400266,0.00017128252,-0.00032227422,0.0004799429,0
-0.23376821,1.648723,0.32071352,1.6473353,-0.091938436,0.00014479899,0.0024735266,0.00056188606,0
-1.8877013,8.742328,0.09783324,0.76672465,0.07335951,0.0005233606,-0.0006723897,0.00047341717,0
3.231881,-0.053586464,0.17323169,1.4262532,0.0772518,0.00030608775,0.0035829379,0.0005307003,0
0.8751982,0.642333,0.23913044,1.2220683,0.04993915,0.00033932543,0.0040322323,0.0003492447,0
0.030063456,-2.0660832,0.17512228,1.3610065,0.116943836,7.757471e-05,-0.0028266807,0.00040349545,0
2.689499,-8.221279,0.29499418,1.408492,0.1816176,6.0286162e-05,-0.0031228107,0.00054303627,0
3.8239594,2.7741654,0.14698468,1.2347044,-0.0032836269,-6.3853295e-05,0.0029107772,0.00038024675,0
-2.6814492,-3.3120768,0.0807802,1.2585657,0.1661503,6.302465e-05,-0.0020114956,0.00058399444,0
5.057105,-1.938727,0.16171566,1.4062643,0.21218738,-3.9668294e-06,-0.0016648995,0.00056314183,0
2.3972042,0.018394351,0.15534934,1.5977515,0.1028036,-5.3687105e-05,0.0010981895,0.00036482923,0
2.0576713,-0.7867007,0.16514313,1.1868502,0.05403077,0.000278986,0.002182181,0.00048435907,0
2.2910044,1.2022117,0.16587202,1.1501127,0.03517771,0.00020105227,0.00026595476,0.00046095907,0
5.906272,2.8192065,0.13915195,1.4283764,0.061835006,0.00017831023,0.0012746827,0.00061896426,0
1.0368611,-0.1862661,0.28337523,1.293314,0.06214786,0.00016280451,0.000812782,0.0005009227,0
-1.7600838,-2.2535017,0.12011437,0.64320666,-0.037971735,6.5146596e-05,0.0012062351,0.00047287034,0
-7.0671105,4.723759,0.2869184,1.3783039,0.24074906,-9.5472824e-05,0.0047752503,0.0004034786,0
0.71621376,-3.821512,0.20117553,1.3544666,0.034530967,0.0002427755,0.0011980289,0.00044775853,0
-1.7004399,2.4327414,0.14770064,1.5661612,0.17227118,-0.00023374277,0.0032658528,0.0007060423,0
0.7560113,1.7972525,0.2829604,1.089807,0.06822802,-0.0001628399,0.00127727,0.0005498112,0
1.5484891,3.1962743,0.13801582,0.9869573,0.23955074,6.993432e-05,0.0014000676,0.000493299,0
-2.4650426,4.870588,0.15778388,0.7490858,0.0049259723,-0.0003003412,-0.00030257492,0.00040318715,0
1.8522859,-2.0202427,0.27102432,1.7593936,0.12811753,5.692234e-05,0.001282229,0.0003475015,0
-0.40133813,-2.5813155,0.25554612,2.229101,0.099982165,-0.00029822803,0.00027753963,0.00051224907,0
0.26207227,-2.1924393,0.21962334,0.70299965,-0.044490874,0.00022915953,-0.0010313265,0.00055382116,0
-4.1083913,5.2944775,0.13805841,1.1105334,0.08306132,-1.3069991e-05,0.0012868119,0.0005575357,0
2.8818398,2.3744924,0.18625516,1.1413473,0.28491086,0.00028997782,-0.0008436473,0.0005099988,0
-1.0054294,-0.4060027,0.10164039,1.0352308,0.23115557,0.00021581526,-0.0039823228,0.00062167237,0
3.2688885,-1.077856,0.25738108,0.85624033,0.0029744285,0.00039970927,0.0004565399,0.00031302683,0
-0.18990967,-0.23576517,0.2958695,1.2057346,0.007841769,0.00030901123,0.0012415805,0.00042499774,0
3.4649928,0.5809853,0.20023407,1.2711633,-0.057066835,-5.530755e-06,0.0010071652,0.00048053364,0
3.817285,0.65221757,0.26839232,1.2037581,0.15562885,0.00017950556,0.001026841,0.00049867167,0
-2.8633158,1.5207472,0.19678362,0.9992032,0.16064617,-0.00015004321,0.00015500821,0.0006027719,0
0.94656885,-0.14357679,0.22008029,1.2717657,-0.10166626,3.0147623e-05,0.004233043,0.0004340676,0
-0.95490307,-1.6248623,0.19303878,0.96675086,0.09867415,0.00013946269,0.0025470953,0.0003949059,0
-1.0210215,-0.6771679,0.23645176,0.8827115,0.14156538,0.00033728313,-0.0009777447,0.00045091272,0
-1.5957946,7.8971586,0.16560799,1.8710501,-0.076663196,-9.793019e-05,-0.00037320907,0.00041543107,0
-0.8036962,-2.1263347,0.13445267,1.6633888,0.17237936,0.0002898593,0.002047998,0.0005092743,0
-1.4910921,-2.8594725,0.22903965,0.73054785,-0.049392093,0.00033058264,0.004801298,0.0005393295,0
3.3193715,-0.73754495,0.09298606,1.4448687,0.10692893,0.000114333714,0.0005152491,0.00059622107,0
-2.957199,-2.3213418,0.11935148,1.2339892,-0.0587893,-3.6848436e-05,-0.00041151114,0.00047393917,0
-4.4621234,0.26161498,0.2997843,1.2541965,0.20413211,0.00036679965,0.00255547,0.0005074686,0
0.067501165,2.2913992,0.16866635,0.4469917,0.099200405,-0.00012621372,-0.0009242825,0.0005000224,0
-0.28537464,-4.236227,0.21323933,1.5864558,-0.06283416,0.00035449667,-0.0021203416,0.0007117324,0
-1.2337813,0.436851,0.048637316,1.1751456,0.072848216,8.2767576e-05,-0.00012616215,0.00040534354,0
3.3915799,0.092421405,0.3232602,0.98940706,0.0065205307,0.00026311885,-0.0022459498,0.00037865367,0
3.292455,-3.515802,0.05447592,1.9474108,-0.08938176,0.00013682387,0.0011381704,0.00021893717,0
-0.80195105,1.3452398,0.22834475,1.5614083,0.011250868,0.00024250089,-0.00037865812,0.00035895326,0
-3.8931851,-4.3863316,0.28076687,0.5941706,0.07740388,4.6815163e-05,0.00079470285,0.0006363607,0
-1.3152821,1.8348047,0.20300508,1.1391925,0.2799969,-0.00018826834,0.0035782636,0.0005656406,0
-1.438575,4.8879557,0.052151192,0.9912933,-0.07084822,0.0001824167,-0.0012261282,0.0005433064,0
-0.55930924,-1.4380618,0.23109178,1.0925514,-0.058863483,0.0006602746,2.5665633e-05,0.00027823908,0
-2.5262961,-3.80183,0.26609164,1.3286611,0.08987128,2.5995507e-05,0.00044129952,0.0004629069,0
-0.24357955,2.5060003,0.22688603,1.4000452,0.099955894,0.0002768885,0.0015763001,0.0005358848,0
3.5664186,-1.9951378,0.1315406,0.72563136,0.068291456,-0.00027074644,0.0019243082,0.0004890807,0
3.403919,-2.0157518,0.18373454,1.6488813,0.18831356,-3.6030473e-05,0.0013635624,0.0005294419,0
1.1209602,-0.787727,0.30251068,0.44411862,0.007886977,0.00018958615,0.0019144496,0.0006352759,0
3.5946763,-0.8566249,0.3039897,0.9143833,0.14308874,0.0004621045,0.0034298883,0.00051057705,0
-0.9953363,-4.585774,0.22484317,0.7539131,-0.029313466,-0.00013814916,7.921534e-05,0.0004972031,0
0.82084376,-1.8015199,0.2855427,1.1167179,-0.028772244,0.00014525845,0.0049271057,0.00053351605,0
-1.0885669,-4.582384,0.18244702,1.2939713,0.011241911,-0.00023307693,-0.0007011308,0.00064545387,0
4.302003,-2.6599176,0.25382054,0.7285709,0.19043162,0.00014904718,0.002899283,0.00032849066,0
2.0329113,-0.023022192,0.26815432,1.5659472,0.05657847,-2.0165928e-05,0.0025593925,0.00049398455,0
-2.6183548,-2.7604568,0.08182684,0.9958835,0.1602692,0.00013556596,-5.953541e-05,0.0005804856,0
-2.4974298,0.28605083,0.18562958,1.5116522,-0.107722834,-7.003955e-05,-0.0022764914,0.00047404034,0
3.6342826,-1.5163417,0.15914528,1.5486897,0.15685496,8.2285784e-05,0.0023694297,0.00039230456,0
4.133923,6.446119,0.24169727,0.36626735,-0.0058230264,0.00022256507,0.00015703401,0.00062721985,0
1.7644718,-2.1194265,0.20258118,0.8424667,0.03174151,-1.09186485e-05,0.0033495235,0.0007116012,0
-4.293565,-5.769649,0.1803862,0.5926337,0.05462116,0.00024978723,0.0039882837,0.00052013947,0
-0.5794657,-5.935155,0.20209481,1.2285149,0.113895684,-4.169762e-05,0.0001298948,0.00035219977,0
-6.8738785,-3.3254912,0.07437394,1.334685,-0.0018134057,-7.647426e-06,-0.0009688261,0.00017674346,0
4.5249324,-3.0008116,0.16700639,0.6180431,0.14719303,0.00012868579,-0.0006527306,0.00046077705,0
5.0345397,-0.2189083,0.18546131,0.8234474,-0.13945812,6.799227e-05,0.0016509702,0.0006099584,0
-6.7454896,-3.375289,0.15354072,1.1986077,0.03549663,7.566226e-05,0.0018161921,0.0004096707,0
2.8024244,1.3003573,0.17441341,1.8403631,0.2056416,0.00028657907,-0.0050371136,0.00065789453,0
2.3842757,6.019226,0.29899716,1.8313371,0.13786548,0.00036973864,0.0049882475,0.0005216555,0
-4.7166915,-0.9223827,0.23119564,1.2299551,-0.074656196,-0.00022621352,-0.00048232533,0.000580774,0
4.7410192,2.749703,0.28459418,1.1676738,-0.12420825,8.9558835e-06,0.00048247117,0.00045029476,0
0.1640846,1.3242593,0.26824123,1.088752,-0.14037594,3.424456e-06,0.0010874207,0.0006222808,0
-1.7034235,1.5376309,0.22320703,1.2175602,0.14305334,-3.216824e-05,-0.0001503729,0.0004988099,0
-1.9204395,1.5240369,0.14294462,1.2905217,0.039982725,0.0001429852,8.051721e-05,0.00046609118,0
0.2880278,0.6062235,0.19966385,1.8821449,-0.049073692,8.715924e-05,-0.002147258,0.00053720817,0
-3.3457396,-0.8349308,0.17023486,1.3123565,-0.0052790917,-1.9061139e-05,0.0038717128,0.0005284567,0
-1.6831526,-0.752501,0.33162838,1.105934,-0.018927662,-3.699923e-05,-9.825296e-05,0.00044055024,0
-3.8389435,-3.3726003,0.13365437,1.4366285,0.011876271,5.856766e-05,0.003540176,0.0006295007,0
-0.8463748,-1.8925905,0.13084558,1.4771103,0.029529277,2.2701022e-05,-0.00062732917,0.00042303337,0
0.96017456,-3.9463148,0.2795895,0.9864621,0.035036407,-0.00016739558,0.00097526814,0.0004671679,0
-0.15024179,4.415127,0.21421584,0.88213634,-0.02113199,0.00021902623,0.0035973866,0.0005281918,0
2.0661383,1.8292131,0.31352514,0.42016393,0.11672189,0.0002967472,-0.0016774475,0.00041143317,0
-2.5523481,-2.1863706,0.16146263,1.2970412,0.13656746,0.00031626338,-0.0006756461,0.0004155297,0
3.9474654,1.9402318,0.20662919,1.3893347,0.047019623,0.00020491694,0.0003278666,0.0005268805,0
-4.531638,-2.0633528,0.14583911,1.050244,-0.042651325,-6.7087253e-06,-0.002028828,0.00055487006,0
-0.24754056,-5.115623,0.13321361,1.3346406,-0.004302195,-3.938829e-05,0.0008508146,0.0005343598,0
-4.309057,1.6503855,0.13597654,1.1928288,0.046457987,-5.413224e-06,-0.0010473195,0.00047143135,0
4.875991,-4.0850253,0.33538505,1.0961115,0.05353714,-0.00011734216,-0.0005425388,0.00044970904,0
-3.137085,-0.62675387,0.16743873,1.9403125,-0.06659742,0.000120538105,0.0014956925,0.00039296795,0
2.0604825,-1.1949811,0.00060882786,1.4639398,-0.06169409,-0.00010955499,0.0023758041,0.00046528384,0
2.7533164,3.6304982,0.14840572,1.517305,-0.02554608,0.0005466232,-0.000385914,0.0006026087,0
2.5313702,0.94826347,0.14635655,1.139441,-0.16535881,0.000144884,0.0016992306,0.00051334995,0
-8.919918,-3.7969093,0.14015272,1.3166636,0.07893389,6.595524e-05,0.002270491,0.00039737576,0
1.830705,1.4242263,0.23020437,1.1271838,0.23307438,0.00019863914,-0.00093667174,0.00052483054,0
2.25745,-1.7643257,0.28714177,1.3528135,-0.18424784,0.0001599344,0.0001879417,0.00055371795,0
2.8326445,0.5854861,0.33322018,1.1285173,0.11248178,0.0002609885,0.00080530805,0.00057787745,0
-1.784019,-1.2677052,0.09500091,1.2965636,0.082525164,0.00033585264,0.00258228,0.00047152044,0
-3.534539,1.2985512,0.28886026,1.502074,0.15844776,5.7622095e-05,6.676206e-05,0.00042630985,0
-0.1676894,-0.23577239,0.21653421,1.148281,0.036637228,-5.533881e-05,0.002883238,0.0005076518,0
-0.5233318,-2.2422879,0.09344695,1.7231857,0.10546387,-0.00022478357,0.0025262847,0.0005922481,0
0.37312835,4.7943325,0.21733758,0.63327056,0.0865169,0.00014897947,-0.0002065937,0.0005573559,0
-5.002996,2.9717004,0.12975027,0.8060216,0.03861752,0.00018659458,0.0013278482,0.0004257341,0
-1.5182679,-3.399127,0.18202561,1.6300085,0.049573705,0.00027188286,0.003910803,0.00044119815,0
-0.55971974,6.5135784,0.31554747,0.53103817,0.08871483,0.000100111996,0.002652906,0.00042550213,0
-2.518825,-2.028212,0.15424572,1.5261297,-0.068120115,-2.452278e-05,-0.0025780248,0.0006007118,0
3.8130903,-0.9812203,0.17616405,1.3812888,0.1974482,0.00018172215,-0.0003950839,0.00033811774,0
-3.3453789,0.21965834,0.1475738,1.2779871,-0.0052924016,-0.000111629284,-0.0013540633,0.00065623544,0
2.6669633,5.191554,0.24319607,1.0280035,0.1823341,9.33864e-05,0.0014416835,0.00049571757,0
-8.840713,4.814205,0.23928031,1.3319292,0.043822393,0.00013268557,-0.00019455787,0.00056165794,0
-3.921295,0.5582053,0.24492587,1.1205324,0.08708678,-9.826688e-05,-0.00093165354,0.00052367174,0
2.035649,-5.624597,0.24176165,0.9827194,0.030719392,-0.00016790358,-0.00070323446,0.0005966125,0
0.09859012,-1.1483352,0.19068094,1.3956847,0.09404945,8.49946e-05,0.0031859183,0.0005970463,0
1.2401161,0.16383535,0.25258568,1.325707,0.15608001,0.0002799123,-0.0010365078,0.00039140368,0
-2.1037486,2.928416,0.07389528,1.357903,0.086254306,0.0003325296,0.0013606774,0.00036567906,0
-2.8780649,-3.5459867,0.15696448,1.1268394,-0.06654415,0.0003941324,-0.0016505627,0.00063461036,0
3.555489,2.6949077,0.14449868,1.3369803,-0.077737115,0.0002821814,0.0008520304,0.000459068,0
-3.6712346,-7.4325185,0.11691673,1.6451193,0.009716657,6.613423e-05,0.0023111086,0.0006805669,0
3.975014,-2.917005,0.044594355,2.1438458,0.27689916,0.00013769072,-0.0015409765,0.00059632264,0
-0.32395107,-0.33894336,0.2715567,1.3337499,-0.06858149,3.5051613e-05,0.002322306,0.0005510252,0
0.7860497,2.800269,0.17106265,1.2714679,-0.2875579,1.0069961e-05,0.0025278057,0.00046096055,0
-1.3986821,-3.124359,0.28026927,1.4193853,0.13254146,-0.0002452428,0.00067909993,0.0004719889,0
-0.8417151,-1.8480827,0.17231166,1.5398579,-0.14128514,0.00045545894,0.0019676823,0.0004957668,0
2.7205024,-4.355504,0.14682393,1.1515698,0.18655604,9.070068e-05,0.0019001093,0.0004410421,0
1.4605262,5.0317187,0.27964213,1.1674176,0.117549084,0.00021550339,0.0020131753,0.00061119534,0
3.3134332,-0.38147578,0.2513503,1.046762,-0.04230724,4.610125e-05,0.0008474437,0.0003338419,0
2.5809977,-8.301976,0.41718537,1.8007517,0.023899127,0.00010188527,0.0016059438,0.00044108398,0
0.57785743,-0.43199992,0.19245818,1.2725844,-0.08135278,0.00010791395,0.0013268954,0.000512885,0
-0.6474923,3.4135733,0.1717078,1.2909304,0.17972976,8.4124775e-05,0.0014289265,0.00049036153,0
3.7121093,-0.7731737,0.30266836,1.1585648,-0.03594597,0.00023587463,0.00039066433,0.0005620501,0
-8.188213,0.0156157855,0.16323158,0.7746965,-0.0053241,-1.4740629e-05,0.0009040284,0.00036326735,0
0.94882137,4.0986443,0.22247428,1.5235955,0.15945624,0.0003472979,0.0047402773,0.0004500798,0
-2.155452,2.3503969,0.2566613,1.5102701,0.23892824,0.00010227398,0.0018523132,0.00040196118,0
6.4059634,-1.0096347,0.17534272,1.0613,-0.0144895855,-4.588741e-05,-4.7408565e-05,0.0003634204,0
-2.3559537,5.8468895,0.25885242,1.5703616,0.16772088,0.00046682692,-0.0025428452,0.0003770117,0
-2.411171,-1.4091893,0.17595445,1.021209,0.07193089,0.00010705908,-0.0004456696,0.00028244514,0
-2.9786062,-1.6477159,0.18023364,0.748133,0.00091935333,-0.00012619748,0.0007483613,0.00039269085,0
-2.546714,-3.9260523,0.18771994,0.8534209,0.14067842,0.00018117005,0.00086029625,0.00042025145,0
1.1415609,2.0721028,0.21141507,1.8414807,0.09596373,0.00028272145,0.0012671308,0.0005675664,0
-2.3903437,-1.3751951,0.22794908,1.3368398,0.10076118,0.00032007857,-0.0018499424,0.00040255475,0
0.6887179,-2.173091,0.47022146,1.4062878,0.042166915,-3.0938547e-06,3.9675433e-05,0.0005030141,0
0.33594579,-1.3700974,0.17814782,1.7377138,0.1884505,0.00015040679,-0.0016825194,0.0005538503,0
4.6628475,4.1093435,0.25875407,1.7689692,0.055338427,0.00022562059,-0.00036155112,0.00052922656,0
3.9886026,-1.7682703,0.13108453,1.2389956,0.02733378,0.00022982954,9.348095e-05,0.00067184394,0
-3.8690283,3.7612042,0.13881207,0.4816069,0.07378752,4.9078404e-05,-0.0012192187,0.0003318623,0
-0.025082361,2.9275107,0.24679628,1.2226827,0.09788476,9.4557174e-05,-0.0018594485,0.0003579106,0
-0.6095056,-0.48195985,0.26807863,1.5029217,0.1105133,4.394346e-05,-0.0017613043,0.0005412071,0
1.575508,-7.1655946,0.13325295,0.92357826,0.06183502,-6.0672086e-05,0.00092373084,0.00047894652,0
-0.4774484,-2.1491828,0.1488812,0.7678932,0.08800674,0.00021422052,-0.0005412359,0.000652064,0
-0.9438043,4.590557,0.14862983,0.3893689,0.09021978,0.00014970903,0.0010687875,0.00043577675,0
-0.10371668,-1.5337784,0.17581204,1.5366529,0.06842172,0.00022199028,0.000536263,0.00046579828,0
-3.4604475,-1.1101098,-0.06568916,0.96391124,0.041812584,0.00021273473,0.00046264424,0.00053476734,0
-6.539366,-0.17051056,0.06563978,0.7166786,0.031283446,0.0003552528,0.0017424135,0.0005018231,0
-0.05859117,-2.1408868,0.15648133,1.3709505,-0.088536054,0.0002186108,0.00022298587,0.0005825557,0
2.8832803,-5.019252,0.15347354,0.8577889,-0.1312728,-0.00010650665,0.005882512,0.000560951,0
5.751864,2.4872954,0.14065255,1.0472915,0.10884362,0.00018750124,-0.00015468404,0.00034900068,0
9.863283,-0.423449,0.17394088,1.2453338,0.025727142,0.00012454578,0.0035738945,0.00048754516,0
-3.4881313,-0.48493138,0.16284786,1.7695596,0.1671119,0.000121505,-0.0015574717,0.00037741076,0
0.045369785,1.008969,0.17003018,1.0079322,-0.0092799235,9.532121e-05,-0.0037655246,0.00038986735,0
-1.8811525,3.6225095,0.13489491,1.2721872,0.07265428,0.0003595833,0.003525155,0.0004942497,0
-1.4264542,-1.9914993,0.18071494,1.0263866,0.10536274,0.00018406197,0.0021836024,0.0006259284,0
5.5886073,0.37399018,0.2879571,1.059336,0.16850069,0.00031230183,0.003016832,0.00050940696,0
-2.0050745,-4.183585,0.19679703,1.813205,0.01901551,0.00025702533,0.002687903,0.00047163139,0
3.9490345,-8.725983,0.102179974,0.8337471,-0.031971503,0.00016725258,0.0015800756,0.00053939904,0
1.7882445,-2.8503137,0.10254592,1.3585279,-0.013023207,-0.00021409501,0.0029426885,0.00063951017,0
4.6714826,0.5610232,0.25007457,1.7479473,-0.014141579,0.00032213554,0.0015507925,0.00059137115,0
0.55827904,3.88877,0.2178819,0.60640836,0.19519266,-8.9506146e-05,0.0035061163,0.00049097574,0
3.528033,3.404306,0.23441143,1.4034141,0.092262864,-0.00030276497,0.0012366604,0.0003883936,0
0.5135614,-3.4288275,0.105203845,1.8419738,0.15694474,9.9171484e-05,0.0013695373,0.0004752084,0
1.7096292,-2.0281632,0.27949923,1.0987653,0.0080153,0.0001043426,-0.00018229366,0.00053286826,0
-1.6120877,1.4055709,0.29728052,0.9122713,0.036942456,0.00019226615,0.00012828529,0.00054643204,0
1.6661966,3.2497854,0.1515208,0.8228899,0.01924226,-9.3550465e-05,0.0021289964,0.00038382487,0
6.999049,3.8877835,0.20100605,1.5469579,-0.113680184,0.0006046747,-0.00018042923,0.00048795025,0
-5.5678,1.458862,0.11149247,1.2406623,-0.0044274433,-0.000115548784,-0.000608723,0.0005225788,0
-3.844473,-2.246435,0.25306186,2.2409918,0.09775888,-8.345233e-05,0.00026577167,0.0005031589,0
-1.0482749,2.7091744,0.21739788,1.563141,0.01855562,0.00036510004,0.0006670288,0.000402881,0
6.531961,-5.474933,0.1409009,0.9491889,0.30083063,0.0004613718,0.003987856,0.00046693414,0
7.278534,1.105056,0.27818108,1.2718781,0.045053344,4.9644266e-05,0.00058072,0.00056084915,0
1.1015995,-0.09441411,0.32076192,0.013298772,0.10098872,0.00024354774,0.0032939257,0.00049351284,0
0.6237602,2.9578452,0.31929332,1.0797856,0.07669758,0.00043571478,-0.003248054,0.00043099874,0
4.397508,3.2776134,0.24179561,1.0205612,-0.03818185,-1.8243123e-05,0.0040960163,0.00043715574,0
0.3042689,-2.261123,0.26742193,0.98450947,0.040240612,-0.00023667642,-0.0022267364,0.0005007673,0
-3.9754715,6.31526,0.03507815,0.8799299,0.051670086,2.6973412e-05,-0.0012082909,0.0004042072,0
-2.9719622,-0.86016506,0.35615432,1.231175,0.16829005,0.00020139528,0.0032277247,0.00022000357,0
-0.91337407,3.9214063,0.15426113,1.9049892,0.19838901,6.173857e-06,-6.327038e-06,0.00039863941,0
-1.8887827,-3.6977673,0.23430489,0.6175814,0.1103733,0.00022561575,-0.0023224088,0.0006549819,0
1.5408279,2.249094,0.13930678,1.4489516,0.16263935,8.027832e-05,0.005003845,0.00050440646,0
3.4223573,0.8790264,0.24684173,0.5314671,0.08710537,-4.699502e-05,-0.0006927966,0.0006744103,0
-0.64131075,-3.0099056,0.17126948,0.6798199,0.19338845,-3.913615e-05,0.0020585998,0.00063561066,0
-1.500458,1.5960673,0.11759312,2.1783078,0.14363801,6.147871e-05,-0.0005456675,0.00048860034,0
-1.0199512,5.858834,0.101957224,1.2539206,0.048166193,7.651794e-05,0.00078276667,0.0004883929,0
2.619198,1.8269533,0.23351292,-0.013595745,0.07997949,-0.00023112787,0.0022926403,0.00064744975,0
-2.7787173,-0.78534216,0.15205154,1.6941727,0.059502788,0.00044566588,0.0018275084,0.000524245,0
0.20462035,2.4539764,0.060985103,1.2341375,0.042995356,0.00024508376,0.0006245968,0.00039612656,0
0.022052025,-3.2485216,0.045979023,1.490849,0.107906155,0.0001934182,0.0036058568,0.0004334968,0
-4.2933426,-0.21008933,0.17219998,0.8630817,0.042015083,-2.232103e-05,-0.0026720106,0.00045588234,0
-3.4091256,0.6949442,0.14751722,1.6446526,0.2103866,0.00023587627,-0.0021020523,0.0006505196,0
4.7271614,0.056371532,0.30583408,0.97932994,-0.13662459,-5.2056886e-05,0.0044586016,0.00035089202,0
-0.0014361542,0.10243168,0.15896206,1.0225914,0.057224914,-1.2432469e-05,-0.001844117,0.0005215032,0
3.2200997,2.6087174,0.13522117,0.69950885,0.021581212,0.0004135583,0.0022911963,0.0005703965,0
2.669571,1.2622997,0.20964868,1.4649228,-0.0046166102,-0.0001828926,0.002445994,0.0006237738,0
-3.3546958,2.4657645,0.33446127,1.1991016,-0.031800218,0.00012460373,-0.00010106793,0.000438327,0
1.2995522,-4.811188,0.08448569,1.2077163,0.047769148,0.00016871092,0.0047504506,0.0005104514,0
1.7945164,-2.9265988,0.261435,0.98944366,0.057142083,7.8230274e-05,0.0030659484,0.00036900234,0
-6.8497157,-0.64029807,0.2374825,1.2609078,0.17322043,0.00018747454,-0.00012769667,0.00026745797,0
-0.7119367,3.083877,0.16863617,1.2113281,0.092136025,-0.000103058475,0.0022464718,0.00066371216,0
-0.51844007,-3.3871932,0.19467191,0.31024635,0.08369032,0.00019045487,0.0043512727,0.00048060052,0
1.225456,-2.5838642,0.17148583,0.5899258,0.030521037,3.8938168e-05,0.0015983995,0.00043764032,0
0.25003606,-1.0001402,0.17348005,1.232145,0.054052293,0.0002522348,0.0007587139,0.00046501146,0
-0.54242235,-2.1439924,0.17120712,2.0124636,-0.041267876,4.4268734e-05,0.00022502267,0.00047528284,0
-0.9937179,0.8377203,0.06318599,1.6148686,0.11325828,-0.00014857431,-0.0035381545,0.0004022928,0
-0.7279994,7.7408757,0.24346055,0.47696415,-0.01896555,8.935751e-05,0.0015073671,0.0003685251,0
-0.40497068,-2.1529174,0.11169931,1.3038383,0.12738772,0.00026820824,0.0021487726,0.00045026303,0
2.1436493,0.9271633,0.21071535,0.95532274,0.00031238727,0.00011477739,0.005879749,0.00053012423,0
-1.8335655,-2.4971683,0.16065867,2.0709174,0.010074335,0.00028137412,0.0002481435,0.00052611844,0
2.3752358,-1.7157085,0.14871107,1.8635479,0.14845929,0.00025813447,0.0025745525,0.00054595753,0
6.0533276,0.13172491,0.246181,0.6196348,-0.03249607,-0.0001401638,0.0035481271,0.00024474598,0
-1.20693,-8.98112,0.13349697,1.0036204,0.18848711,0.0001793256,-0.0006662831,0.00060659635,0
0.053496763,0.112700574,0.10378628,0.80399454,-0.03250973,0.000109292254,0.0011557714,0.0006544093,0
1.1551656,-8.122697,0.22101136,0.61999345,-0.046597093,-6.243389e-05,-0.00032667664,0.00036248507,0
0.61044604,-4.232407,0.2285334,2.0947883,-0.08293591,4.3097938e-05,-0.0040469146,0.00046990646,0
1.9281515,2.1619177,0.2061891,1.5557054,0.30460545,0.00044246094,-4.504186e-05,0.0003548896,0
-1.2184542,-2.8409483,0.2361078,0.7275226,0.04271776,0.00026760282,0.00079860823,0.00040536863,0
-21.800743,-25.715923,0.6472205,5.75834,-0.6476137,-0.004319504,-0.101686805,0.0024822962,1
-27.972233,-19.830357,0.61884844,6.5875435,-0.7469793,-0.003653229,-0.11943003,0.0022393726,1
-24.026371,-21.109816,0.7438184,6.0127263,-0.7394487,-0.0039713653,-0.103602305,0.0030787599,1
-22.635412,-16.234903,0.5672409,8.248587,-0.8605424,-0.003550737,-0.10706148,0.0019129288,1
-26.997204,-18.51501,0.81055826,5.086689,-0.6892918,-0.0068360697,-0.06795712,0.0019647658,1
-25.192356,-18.60563,0.67019993,6.609862,-0.39931062,-0.0042485064,-0.10034766,0.0026644457,1
-22.429874,-20.051666,0.78753906,6.9105,-0.48761946,-0.005160148,-0.12505013,0.0026197336,1
-31.983368,-11.820319,0.67877233,6.083928,-0.7365507,-0.0058268774,-0.13812089,0.0026096022,1
-23.806284,-17.552834,0.7146724,5.4629736,-0.5755627,-0.003017167,-0.098856315,0.002904771,1
-25.323935,-24.21262,0.57553333,6.2548757,-0.65164083,-0.004060157,-0.0697073,0.002863018,1
-21.464455,-17.821274,0.59927845,5.7421336,-0.7707128,-0.002941705,-0.09628827,0.0027602562,1
-21.556227,-26.280226,0.7388138,4.489354,-0.65108836,-0.0048117074,-0.1001479,0.0026140937,1
-21.119532,-20.607588,0.7509114,5.962223,-0.89529353,-0.0054186163,-0.12449634,0.0030561462,1
-24.645107,-22.870003,0.66596836,7.8178062,-0.6333165,-0.0048273257,-0.10524781,0.0028816964,1
-28.324673,-16.189701,0.64711106,6.5193276,-0.62454605,-0.004018032,-0.1427755,0.0020893568,1
-22.71801,-18.517586,0.7085035,5.4936047,-0.51519096,-0.00510781,-0.12406804,0.0028929964,1
-21.808128,-20.295036,0.8759684,6.1132417,-0.8064392,-0.004130948,-0.13148998,0.0027170342,1
-26.671425,-17.902905,0.58884066,6.790061,-0.8234191,-0.005608765,-0.10897919,0.003301422,1
-27.910372,-15.396111,0.787334,6.6146846,-0.69668126,-0.0055910465,-0.18622643,0.0023685799,1
-21.787651,-22.696665,0.750021,4.8498473,-0.6340891,-0.0037922084,-0.13978486,0.0025852423,1
-28.160366,-15.379405,0.70353174,5.856508,-0.41624752,-0.003837694,-0.14071056,0.002457068,1
-26.803595,-17.878721,0.93245095,6.1708517,-0.9553854,-0.005042799,-0.17797117,0.002335101,1
-34.44924,-21.686361,0.5279279,6.18416,-0.6499191,-0.004197038,-0.12313654,0.0018028511,1
-24.445915,-10.511102,0.7209213,5.3740754,-0.86421007,-0.005408067,-0.10640881,0.003036559,1
-25.456535,-15.000451,0.7507678,6.3065343,-0.748771,-0.0043260767,-0.14545134,0.0025087146,1
-25.176546,-11.484865,0.5490268,6.2815075,-0.4278145,-0.0037411521,-0.09501164,0.0027938474,1
-21.306662,-22.549913,0.54140735,5.793666,-0.9741743,-0.003269354,-0.083378546,0.0022833247,1
-27.983082,-18.48939,0.68520206,5.927174,-0.56626517,-0.0046726265,-0.0917042,0.002722974,1
-28.927855,-12.8595495,0.5441743,5.7078342,-0.5049624,-0.005223073,-0.11071333,0.0027716698,1
-29.942095,-18.48991,0.6643496,5.248262,-0.30474877,-0.0052631064,-0.089852095,0.0023035994,1
-30.846544,-17.788744,0.74490935,6.7205095,-0.41566023,-0.0015547537,-0.112484574,0.002168454,1
-24.688503,-19.264853,0.7725966,4.5028358,-0.29474983,-0.0036439518,-0.17052013,0.0021454855,1
-23.235676,-13.494624,0.5527762,6.5130258,-0.942101,-0.004589336,-0.08663859,0.002224242,1
-32.52769,-17.61514,0.6195281,6.4295583,-0.78279895,-0.005272637,-0.18063007,0.0025849724,1
-27.14362,-22.953539,0.69937986,6.82707,-0.6823352,-0.004231833,-0.11180066,0.001897835,1
-18.273657,-20.083399,0.7456116,6.5692153,-0.67093927,-0.003893205,-0.11262542,0.0017911801,1
-27.82909,-20.650204,0.6338255,4.495997,-0.48103493,-0.0028980074,-0.09065991,0.0031352646,1
-27.87854,-20.745028,0.6021413,6.444065,-0.6159406,-0.004577222,-0.08114555,0.0027024706,1
-29.854631,-20.923635,0.74819934,6.841733,-0.567248,-0.0026031113,-0.070949785,0.0027205178,1
-29.854322,-23.43995,0.6412618,6.5532136,-0.37600294,-0.004082553,-0.08493832,0.0023773462,1
-24.008923,-14.906572,0.48204058,5.3865614,-0.50754493,-0.0042255316,-0.15589546,0.0012849388,1
-27.963123,-18.486343,0.5916077,5.9430847,-0.57404196,-0.0038293127,-0.19067757,0.0018428575,1
-27.71849,-15.911307,0.7289234,6.27187,-0.7075127,-0.0048276335,-0.14184988,0.0028840972,1
-30.181955,-14.799854,0.70078534,5.7549553,-0.74850655,-0.0058555417,-0.13942958,0.0023349966,1
-35.976097,-18.98942,0.7724357,6.367218,-0.72443086,-0.0044530635,-0.13668494,0.0025743803,1
-20.33957,-14.326005,0.73207945,5.307115,-0.53750926,-0.006186877,-0.1275706,0.0027918557,1
-23.538315,-15.520462,0.7094831,5.604275,-0.56930363,-0.005452861,-0.14534032,0.0025308672,1
-25.807209,-25.50246,0.72551465,6.572728,-0.6615928,-0.0021255338,-0.14048806,0.0023194563,1
-28.080267,-18.504751,0.6471275,4.3931894,-0.73198223,-0.0045976206,-0.08314284,0.0036011217,1
-21.158104,-21.301516,0.61041903,5.6406713,-0.38231617,-0.004665424,-0.15982522,0.0022494115,1
-23.471775,-15.440239,0.65997833,6.4834146,-0.99097586,-0.004396171,-0.09417944,0.0020835684,1
-29.845354,-25.665792,0.83898956,5.079846,-0.6138435,-0.003896083,-0.074637964,0.002423051,1
-28.657719,-17.507729,0.808408,5.6298275,-0.79323035,-0.006040758,-0.15663892,0.0029321958,1
-27.782497,-20.630083,0.60840327,5.885046,-0.6859183,-0.004773132,-0.079520285,0.0032690081,1
-32.940086,-16.88963,0.6023138,5.5517488,-0.60360825,-0.00471272,-0.1130862,0.0028364852,1
-25.321693,-20.787346,0.61708003,4.360295,-0.77808803,-0.0025379315,-0.1437601,0.0019033107,1
-25.22029,-18.641459,0.6604407,7.209046,-0.567631,-0.005029993,-0.13273428,0.0022487068,1
-23.001041,-19.43259,0.5006847,5.7516804,-0.8805539,-0.0023157694,-0.14897004,0.0024190675,1
-25.46719,-19.354633,0.650997,6.2218275,-0.4210676,-0.0037324908,-0.07564458,0.0019766905,1
-25.230549,-17.579016,0.7151091,7.176232,-0.68311834,-0.0049055032,-0.10398058,0.0016108986,1
-27.447409,-18.736792,0.5879641,6.857059,-0.80933607,-0.0046358733,-0.11120528,0.0031767257,1
-26.542225,-14.455385,0.75005955,5.9234576,-0.81342703,-0.0059345807,-0.11680484,0.0022286517,1
-22.822956,-15.216574,0.6615389,4.6422873,-0.57338965,-0.0055179494,-0.14275391,0.0020102921,1
-27.054005,-13.519231,0.67949593,5.3567815,-0.87884223,-0.0039478755,-0.14341214,0.0025587587,1
-27.916874,-14.847291,0.66427636,5.7410736,-0.57713795,-0.00239306,-0.093346596,0.002455697,1
-26.487207,-20.299438,0.58500046,5.247249,-0.76582235,-0.0038466316,-0.15213585,0.0031666053,1
-23.491814,-18.117992,0.68003184,5.2427187,-0.60948735,-0.0034119075,-0.1410947,0.001733304,1
-23.687126,-16.902536,0.5679801,5.0666084,-0.77886564,-0.0052245324,-0.12971048,0.0023667263,1
-29.103174,-21.232655,0.65712154,5.9676914,-0.6974445,-0.003341333,-0.10475737,0.0017045771,1
-24.405088,-15.777824,0.6365265,4.3048024,-0.64879,-0.004507709,-0.15364939,0.0017743903,1
-26.850214,-19.132309,0.6382735,5.7165895,-0.81541646,-0.004934821,-0.10400025,0.002325015,1
-33.18789,-20.090769,0.57298416,6.0671363,-0.6021744,-0.0061587747,-0.09722961,0.0019439069,1
-20.263271,-18.395105,0.5553607,4.658014,-0.5977857,-0.0048913,-0.122899614,0.00330639,1
-29.296976,-17.960148,0.82198447,6.0705132,-0.89099044,-0.003994611,-0.15489009,0.0032034037,1
-29.79147,-6.321962,0.8267376,5.0033875,-0.6469979,-0.0037463557,-0.09649019,0.002721168,1
